AREA,Region,Division,Zone 1,Zone 2,Zone 3
ISABELA CITY,ARMM,Mindanao,LFARMM,PH-BAS,ISABELA CITY
LANTAWAN,ARMM,Mindanao,LFARMM,PH-BAS,LANTAWAN
LAMITAN,ARMM,Mindanao,LFARMM,PH-BAS,LAMITAN
MALUSO,ARMM,Mindanao,LFARMM,PH-BAS,MALUSO
TIPO-TIPO,ARMM,Mindanao,LFARMM,PH-BAS,TIPO-TIPO
SUMISIP,ARMM,Mindanao,LFARMM,PH-BAS,SUMISIP
TUBURAN,ARMM,Mindanao,LFARMM,PH-BAS,TUBURAN
JOLO,ARMM,Mindanao,LFARMM,PH-SLU,JOLO
PANDAMI,ARMM,Mindanao,LFARMM,PH-SLU,PANDAMI
PATIKUL,ARMM,Mindanao,LFARMM,PH-SLU,PATIKUL
OLD PANAMAO,ARMM,Mindanao,LFARMM,PH-SLU,OLD PANAMAO
TALIPAO,ARMM,Mindanao,LFARMM,PH-SLU,TALIPAO
PATA,ARMM,Mindanao,LFARMM,PH-SLU,PATA
INDANAN,ARMM,Mindanao,LFARMM,PH-SLU,INDANAN
PARANG,ARMM,Mindanao,LFARMM,PH-SLU,PARANG
MAIMBUNG,ARMM,Mindanao,LFARMM,PH-SLU,MAIMBUNG
TAPUL,ARMM,Mindanao,LFARMM,PH-SLU,TAPUL
LUGUS,ARMM,Mindanao,LFARMM,PH-SLU,LUGUS
SIASI,ARMM,Mindanao,LFARMM,PH-SLU,SIASI
HADJI PANGLIMA TAHIL,ARMM,Mindanao,LFARMM,PH-SLU,HADJI PANGLIMA TAHIL
PANGUTARAN,ARMM,Mindanao,LFARMM,PH-SLU,PANGUTARAN
KALINGALAN CALAUANG,ARMM,Mindanao,LFARMM,PH-SLU,KALINGALAN CALAUANG
BONGAO,ARMM,Mindanao,LFARMM,PH-TAW,BONGAO
TANDUBAS,ARMM,Mindanao,LFARMM,PH-TAW,TANDUBAS
SAPA-SAPA,ARMM,Mindanao,LFARMM,PH-TAW,SAPA-SAPA
SOUTH UBIAN,ARMM,Mindanao,LFARMM,PH-TAW,SOUTH UBIAN
SIMUNUL,ARMM,Mindanao,LFARMM,PH-TAW,SIMUNUL
SITANGKAI,ARMM,Mindanao,LFARMM,PH-TAW,SITANGKAI
LANGUYAN,ARMM,Mindanao,LFARMM,PH-TAW,LANGUYAN
SIBUTU,ARMM,Mindanao,LFARMM,PH-TAW,SIBUTU
MALABANG,ARMM,Mindanao,LFARMM,PH-LAS,MALABANG
BALABAGAN,ARMM,Mindanao,LFARMM,PH-LAS,BALABAGAN
MAROGONG,ARMM,Mindanao,LFARMM,PH-LAS,MAROGONG
TUBARAN,ARMM,Mindanao,LFARMM,PH-LAS,TUBARAN
BUTIG,ARMM,Mindanao,LFARMM,PH-LAS,BUTIG
LUMBAYANAGUE,ARMM,Mindanao,LFARMM,PH-LAS,LUMBAYANAGUE
LUMBATAN,ARMM,Mindanao,LFARMM,PH-LAS,LUMBATAN
LUMBACA-UNAYAN AND MACADAR ANDONG,ARMM,Mindanao,LFARMM,PH-LAS,LUMBACA-UNAYAN AND MACADAR ANDONG
BAYANG,ARMM,Mindanao,LFARMM,PH-LAS,BAYANG
BINIDAYAN,ARMM,Mindanao,LFARMM,PH-LAS,BINIDAYAN
GANASSI,ARMM,Mindanao,LFARMM,PH-LAS,GANASSI
PAGAYAWAN,ARMM,Mindanao,LFARMM,PH-LAS,PAGAYAWAN
PUALAS,ARMM,Mindanao,LFARMM,PH-LAS,PUALAS
MADAMBA,ARMM,Mindanao,LFARMM,PH-LAS,MADAMBA
MADALUM,ARMM,Mindanao,LFARMM,PH-LAS,MADALUM
BACOLOD GRANDE,ARMM,Mindanao,LFARMM,PH-LAS,BACOLOD GRANDE
TUGAYA,ARMM,Mindanao,LFARMM,PH-LAS,TUGAYA
BALINDONG,ARMM,Mindanao,LFARMM,PH-LAS,BALINDONG
CALANOGAS,ARMM,Mindanao,LFARMM,PH-LAS,CALANOGAS
BUMBARAN,ARMM,Mindanao,LFARMM,PH-LAS,BUMBARAN
TAGOLOAN II,ARMM,Mindanao,LFARMM,PH-LAS,TAGOLOAN II
COTABATO CITY,ARMM,Mindanao,LFARMM,PH-MAG,COTABATO CITY
UPI,ARMM,Mindanao,LFARMM,PH-MAG,UPI
SOUTH UPI,ARMM,Mindanao,LFARMM,PH-MAG,SOUTH UPI
PARANG,ARMM,Mindanao,LFARMM,PH-MAG,PARANG
SULTAN KUDARAT,ARMM,Mindanao,LFARMM,PH-MAG,SULTAN KUDARAT
KABUNTALAN,ARMM,Mindanao,LFARMM,PH-MAG,KABUNTALAN
DATU PIANG,ARMM,Mindanao,LFARMM,PH-MAG,DATU PIANG
AMPATUAN,ARMM,Mindanao,LFARMM,PH-MAG,AMPATUAN
PAGALUNGAN,ARMM,Mindanao,LFARMM,PH-MAG,PAGALUNGAN
SULTAN SA BARONGIS,ARMM,Mindanao,LFARMM,PH-MAG,SULTAN SA BARONGIS
TALAYAN,ARMM,Mindanao,LFARMM,PH-MAG,TALAYAN
MATANOG,ARMM,Mindanao,LFARMM,PH-MAG,MATANOG
BARIRA,ARMM,Mindanao,LFARMM,PH-MAG,BARIRA
BULDON,ARMM,Mindanao,LFARMM,PH-MAG,BULDON
BULUAN,ARMM,Mindanao,LFARMM,PH-MAG,BULUAN
DATU PAGLAS,ARMM,Mindanao,LFARMM,PH-MAG,DATU PAGLAS
GEN. S.K. PENDATUN,ARMM,Mindanao,LFARMM,PH-MAG,GEN. S.K. PENDATUN
SHARIFF AGUAK,ARMM,Mindanao,LFARMM,PH-MAG,SHARIFF AGUAK
MANGUDADATU,ARMM,Mindanao,LFARMM,PH-MAG,MANGUDADATU
DATU ABDULLAH SANGKI,ARMM,Mindanao,LFARMM,PH-MAG,DATU ABDULLAH SANGKI
DATU ANGGAL MIDTIMBANG,ARMM,Mindanao,LFARMM,PH-MAG,DATU ANGGAL MIDTIMBANG
DATU BLAH T. SINSUAT,ARMM,Mindanao,LFARMM,PH-MAG,DATU BLAH T. SINSUAT
DATU HOFFER AMPATUAN,ARMM,Mindanao,LFARMM,PH-MAG,DATU HOFFER AMPATUAN
DATU SALIBO,ARMM,Mindanao,LFARMM,PH-MAG,DATU SALIBO
DATU SAUDI-AMPATUAN,ARMM,Mindanao,LFARMM,PH-MAG,DATU SAUDI-AMPATUAN
DATU UNSAY,ARMM,Mindanao,LFARMM,PH-MAG,DATU UNSAY
GUINDULUNGAN,ARMM,Mindanao,LFARMM,PH-MAG,GUINDULUNGAN
MAMASAPANO,ARMM,Mindanao,LFARMM,PH-MAG,MAMASAPANO
NORTHERN KABUNTALAN,ARMM,Mindanao,LFARMM,PH-MAG,NORTHERN KABUNTALAN
PAGAGAWAN,ARMM,Mindanao,LFARMM,PH-MAG,PAGAGAWAN
PAGLAT,ARMM,Mindanao,LFARMM,PH-MAG,PAGLAT
PANDAG,ARMM,Mindanao,LFARMM,PH-MAG,PANDAG
RAJAH BUAYAN,ARMM,Mindanao,LFARMM,PH-MAG,RAJAH BUAYAN
SHARIFF SAYDONA MUSTAPHA,ARMM,Mindanao,LFARMM,PH-MAG,SHARIFF SAYDONA MUSTAPHA
SULTAN MASTURA,ARMM,Mindanao,LFARMM,PH-MAG,SULTAN MASTURA
KAPATAGAN,ARMM,Mindanao,LFARMM,PH-LAS,KAPATAGAN
MARAWI,ARMM,Mindanao,LFARMM,PH-LAS,MARAWI
SAGUIARAN,ARMM,Mindanao,LFARMM,PH-LAS,SAGUIARAN
MULONDO,ARMM,Mindanao,LFARMM,PH-LAS,MULONDO
LUMBA-BAYABAO,ARMM,Mindanao,LFARMM,PH-LAS,LUMBA-BAYABAO
TAMPARAN,ARMM,Mindanao,LFARMM,PH-LAS,TAMPARAN
POONA BAYABAO,ARMM,Mindanao,LFARMM,PH-LAS,POONA BAYABAO
MASIU,ARMM,Mindanao,LFARMM,PH-LAS,MASIU
BUBONG,ARMM,Mindanao,LFARMM,PH-LAS,BUBONG
KAPAI,ARMM,Mindanao,LFARMM,PH-LAS,KAPAI
PIAGAPO,ARMM,Mindanao,LFARMM,PH-LAS,PIAGAPO
MARANTAO,ARMM,Mindanao,LFARMM,PH-LAS,MARANTAO
TARAKA,ARMM,Mindanao,LFARMM,PH-LAS,TARAKA
DITSAAN-RAMAIN,ARMM,Mindanao,LFARMM,PH-LAS,DITSAAN-RAMAIN
BUADIPOSO-BUNTONG,ARMM,Mindanao,LFARMM,PH-LAS,BUADIPOSO-BUNTONG
MAGUING,ARMM,Mindanao,LFARMM,PH-LAS,MAGUING
WAO,ARMM,Mindanao,LFARMM,PH-LAS,WAO
BONTOC,CAR,Luzon,LFCAR,PH-MOU,BONTOC
SADANGA,CAR,Luzon,LFCAR,PH-MOU,SADANGA
BESAO,CAR,Luzon,LFCAR,PH-MOU,BESAO
SAGADA,CAR,Luzon,LFCAR,PH-MOU,SAGADA
TADIAN,CAR,Luzon,LFCAR,PH-MOU,TADIAN
BAUKO,CAR,Luzon,LFCAR,PH-MOU,BAUKO
SABANGAN,CAR,Luzon,LFCAR,PH-MOU,SABANGAN
BARLIG,CAR,Luzon,LFCAR,PH-MOU,BARLIG
NATONIN,CAR,Luzon,LFCAR,PH-MOU,NATONIN
PARACELIS,CAR,Luzon,LFCAR,PH-MOU,PARACELIS
BANGUED,CAR,Luzon,LFCAR,PH-ABR,BANGUED
DOLORES,CAR,Luzon,LFCAR,PH-ABR,DOLORES
LAGANGILANG,CAR,Luzon,LFCAR,PH-ABR,LAGANGILANG
TAYUM,CAR,Luzon,LFCAR,PH-ABR,TAYUM
PENARRUBIA,CAR,Luzon,LFCAR,PH-ABR,PENARRUBIA
BUCAY,CAR,Luzon,LFCAR,PH-ABR,BUCAY
PIDIGAN,CAR,Luzon,LFCAR,PH-ABR,PIDIGAN
LANGIDEN,CAR,Luzon,LFCAR,PH-ABR,LANGIDEN
SAN QUINTIN,CAR,Luzon,LFCAR,PH-ABR,SAN QUINTIN
SAN ISIDRO,CAR,Luzon,LFCAR,PH-ABR,SAN ISIDRO
MANABO,CAR,Luzon,LFCAR,PH-ABR,MANABO
VILLAVICIOSA,CAR,Luzon,LFCAR,PH-ABR,VILLAVICIOSA
PILAR,CAR,Luzon,LFCAR,PH-ABR,PILAR
LUBA,CAR,Luzon,LFCAR,PH-ABR,LUBA
TUBO,CAR,Luzon,LFCAR,PH-ABR,TUBO
BOLINEY,CAR,Luzon,LFCAR,PH-ABR,BOLINEY
DAGUIOMAN,CAR,Luzon,LFCAR,PH-ABR,DAGUIOMAN
BUCLOC,CAR,Luzon,LFCAR,PH-ABR,BUCLOC
SALLAPADAN,CAR,Luzon,LFCAR,PH-ABR,SALLAPADAN
LICUAN-BAAY,CAR,Luzon,LFCAR,PH-ABR,LICUAN-BAAY
MALIBCONG,CAR,Luzon,LFCAR,PH-ABR,MALIBCONG
LACUB,CAR,Luzon,LFCAR,PH-ABR,LACUB
TINEGH,CAR,Luzon,LFCAR,PH-ABR,TINEGH
SAN JUAN,CAR,Luzon,LFCAR,PH-ABR,SAN JUAN
LAGAYAN,CAR,Luzon,LFCAR,PH-ABR,LAGAYAN
DANGLAS,CAR,Luzon,LFCAR,PH-ABR,DANGLAS
LA PAZ,CAR,Luzon,LFCAR,PH-ABR,LA PAZ
LAGAWE,CAR,Luzon,LFCAR,PH-IFU,LAGAWE
BANAUE,CAR,Luzon,LFCAR,PH-IFU,BANAUE
MAYOYAO,CAR,Luzon,LFCAR,PH-IFU,MAYOYAO
HUNGDUAN,CAR,Luzon,LFCAR,PH-IFU,HUNGDUAN
KIANGAN,CAR,Luzon,LFCAR,PH-IFU,KIANGAN
LAMUT,CAR,Luzon,LFCAR,PH-IFU,LAMUT
AGUINALDO,CAR,Luzon,LFCAR,PH-IFU,AGUINALDO
HINGYON,CAR,Luzon,LFCAR,PH-IFU,HINGYON
ALFONSO LISTA,CAR,Luzon,LFCAR,PH-IFU,ALFONSO LISTA
TINOC,CAR,Luzon,LFCAR,PH-IFU,TINOC
ASIPULO,CAR,Luzon,LFCAR,PH-IFU,ASIPULO
TABUK CITY,CAR,Luzon,LFCAR,PH-KAL,TABUK CITY
BALBALAN,CAR,Luzon,LFCAR,PH-KAL,BALBALAN
LUBUAGAN,CAR,Luzon,LFCAR,PH-KAL,LUBUAGAN
PASIL,CAR,Luzon,LFCAR,PH-KAL,PASIL
TINGLAYAN,CAR,Luzon,LFCAR,PH-KAL,TINGLAYAN
TANUDAN,CAR,Luzon,LFCAR,PH-KAL,TANUDAN
PINUKPUK,CAR,Luzon,LFCAR,PH-KAL,PINUKPUK
CONNER,CAR,Luzon,LFCAR,PH-APA,CONNER
KABUGAO,CAR,Luzon,LFCAR,PH-APA,KABUGAO
FLORA,CAR,Luzon,LFCAR,PH-APA,FLORA
SANTA MARCELA,CAR,Luzon,LFCAR,PH-APA,SANTA MARCELA
PUDTOL,CAR,Luzon,LFCAR,PH-APA,PUDTOL
LUNA,CAR,Luzon,LFCAR,PH-APA,LUNA
CALANASAN,CAR,Luzon,LFCAR,PH-APA,CALANASAN
PARANAQUE,NCR,Luzon,LFNCR01,PH-00-1,PARANAQUE
LAS PINAS,NCR,Luzon,LFNCR01,PH-00-1,LAS PINAS
MUNTINLUPA,NCR,Luzon,LFNCR01,PH-00-1,MUNTINLUPA
MAKATI,NCR,Luzon,LFNCR01,PH-00-2,MAKATI
PASAY,NCR,Luzon,LFNCR01,PH-00-2,PASAY
PATEROS,NCR,Luzon,LFNCR01,PH-00-2,PATEROS
TAGUIG,NCR,Luzon,LFNCR01,PH-00-2,TAGUIG
SAN JUAN CITY,NCR,Luzon,LFNCR01,PH-00-3,SAN JUAN CITY
MANDALUYONG,NCR,Luzon,LFNCR01,PH-00-3,MANDALUYONG
PASIG,NCR,Luzon,LFNCR01,PH-00-3,PASIG
MANILA,NCR,Luzon,LFNCR01,PH-00-4,MANILA
CALOOCAN SOUTH,NCR,Luzon,LFNCR01,PH-00-5,CALOOCAN SOUTH
VALENZUELA,NCR,Luzon,LFNCR01,PH-00-5,VALENZUELA
MALABON,NCR,Luzon,LFNCR01,PH-00-5,MALABON
NAVOTAS,NCR,Luzon,LFNCR01,PH-00-5,NAVOTAS
QUEZON CITY,NCR,Luzon,LFNCR01,PH-00-6,QUEZON CITY
CALOOCAN NORTH,NCR,Luzon,LFNCR01,PH-00-6,CALOOCAN NORTH
DAGUPAN,I,Luzon,LFREG01,PH-PAN,DAGUPAN
LINGAYEN,I,Luzon,LFREG01,PH-PAN,LINGAYEN
LABRADOR,I,Luzon,LFREG01,PH-PAN,LABRADOR
SUAL,I,Luzon,LFREG01,PH-PAN,SUAL
ALAMINOS CITY,I,Luzon,LFREG01,PH-PAN,ALAMINOS CITY
ANDA,I,Luzon,LFREG01,PH-PAN,ANDA
BOLINAO,I,Luzon,LFREG01,PH-PAN,BOLINAO
BANI,I,Luzon,LFREG01,PH-PAN,BANI
AGNO,I,Luzon,LFREG01,PH-PAN,AGNO
MABINI,I,Luzon,LFREG01,PH-PAN,MABINI
BURGOS,I,Luzon,LFREG01,PH-PAN,BURGOS
DASOL,I,Luzon,LFREG01,PH-PAN,DASOL
INFANTA,I,Luzon,LFREG01,PH-PAN,INFANTA
MANGATAREM,I,Luzon,LFREG01,PH-PAN,MANGATAREM
URBIZTONDO,I,Luzon,LFREG01,PH-PAN,URBIZTONDO
AGUILAR,I,Luzon,LFREG01,PH-PAN,AGUILAR
BUGALLON,I,Luzon,LFREG01,PH-PAN,BUGALLON
BINMALEY,I,Luzon,LFREG01,PH-PAN,BINMALEY
CALASIAO,I,Luzon,LFREG01,PH-PAN,CALASIAO
SANTA BARBARA,I,Luzon,LFREG01,PH-PAN,SANTA BARBARA
SAN CARLOS CITY,I,Luzon,LFREG01,PH-PAN,SAN CARLOS CITY
MALASIQUI,I,Luzon,LFREG01,PH-PAN,MALASIQUI
BASISTA,I,Luzon,LFREG01,PH-PAN,BASISTA
BAYAMBANG,I,Luzon,LFREG01,PH-PAN,BAYAMBANG
BAUTISTA,I,Luzon,LFREG01,PH-PAN,BAUTISTA
ALCALA,I,Luzon,LFREG01,PH-PAN,ALCALA
SANTO TOMAS,I,Luzon,LFREG01,PH-PAN,SANTO TOMAS
VILLASIS,I,Luzon,LFREG01,PH-PAN,VILLASIS
URDANETA CITY,I,Luzon,LFREG01,PH-PAN,URDANETA CITY
MAPANDAN,I,Luzon,LFREG01,PH-PAN,MAPANDAN
MANAOAG,I,Luzon,LFREG01,PH-PAN,MANAOAG
SAN JACINTO,I,Luzon,LFREG01,PH-PAN,SAN JACINTO
MANGALDAN,I,Luzon,LFREG01,PH-PAN,MANGALDAN
SAN FABIAN,I,Luzon,LFREG01,PH-PAN,SAN FABIAN
SISON,I,Luzon,LFREG01,PH-PAN,SISON
POZORRUBIO,I,Luzon,LFREG01,PH-PAN,POZORRUBIO
BINALONAN,I,Luzon,LFREG01,PH-PAN,BINALONAN
LAOAC,I,Luzon,LFREG01,PH-PAN,LAOAC
SAN MANUEL,I,Luzon,LFREG01,PH-PAN,SAN MANUEL
ASINGAN,I,Luzon,LFREG01,PH-PAN,ASINGAN
SANTA MARIA,I,Luzon,LFREG01,PH-PAN,SANTA MARIA
ROSALES,I,Luzon,LFREG01,PH-PAN,ROSALES
BALUNGAO,I,Luzon,LFREG01,PH-PAN,BALUNGAO
UMINGAN,I,Luzon,LFREG01,PH-PAN,UMINGAN
SAN QUINTIN,I,Luzon,LFREG01,PH-PAN,SAN QUINTIN
TAYUG,I,Luzon,LFREG01,PH-PAN,TAYUG
NATIVIDAD,I,Luzon,LFREG01,PH-PAN,NATIVIDAD
SAN NICOLAS,I,Luzon,LFREG01,PH-PAN,SAN NICOLAS
SAN FERNANDO CITY,I,Luzon,LFREG01,PH-LUN,SAN FERNANDO CITY
BAUANG,I,Luzon,LFREG01,PH-LUN,BAUANG
CABA,I,Luzon,LFREG01,PH-LUN,CABA
ARINGAY,I,Luzon,LFREG01,PH-LUN,ARINGAY
AGOO,I,Luzon,LFREG01,PH-LUN,AGOO
SANTO TOMAS,I,Luzon,LFREG01,PH-LUN,SANTO TOMAS
ROSARIO,I,Luzon,LFREG01,PH-LUN,ROSARIO
PUGO,I,Luzon,LFREG01,PH-LUN,PUGO
TUBAO,I,Luzon,LFREG01,PH-LUN,TUBAO
BURGOS,I,Luzon,LFREG01,PH-LUN,BURGOS
NAGUILIAN,I,Luzon,LFREG01,PH-LUN,NAGUILIAN
BAGULIN,I,Luzon,LFREG01,PH-LUN,BAGULIN
SAN GABRIEL,I,Luzon,LFREG01,PH-LUN,SAN GABRIEL
SAN JUAN,I,Luzon,LFREG01,PH-LUN,SAN JUAN
BACNOTAN,I,Luzon,LFREG01,PH-LUN,BACNOTAN
SANTOL,I,Luzon,LFREG01,PH-LUN,SANTOL
BALAOAN,I,Luzon,LFREG01,PH-LUN,BALAOAN
LUNA,I,Luzon,LFREG01,PH-LUN,LUNA
BANGAR,I,Luzon,LFREG01,PH-LUN,BANGAR
SUDIPEN,I,Luzon,LFREG01,PH-LUN,SUDIPEN
BAGUIO,CAR,Luzon,LFREG01,PH-BEN,BAGUIO
LA TRINIDAD,CAR,Luzon,LFREG01,PH-BEN,LA TRINIDAD
TUBA,CAR,Luzon,LFREG01,PH-BEN,TUBA
ITOGON,CAR,Luzon,LFREG01,PH-BEN,ITOGON
BOKOD,CAR,Luzon,LFREG01,PH-BEN,BOKOD
KABAYAN,CAR,Luzon,LFREG01,PH-BEN,KABAYAN
BUGUIAS,CAR,Luzon,LFREG01,PH-BEN,BUGUIAS
MANKAYAN,CAR,Luzon,LFREG01,PH-BEN,MANKAYAN
LEPANTO,CAR,Luzon,LFREG01,PH-BEN,LEPANTO
BAKUN,CAR,Luzon,LFREG01,PH-BEN,BAKUN
KIBUNGAN,CAR,Luzon,LFREG01,PH-BEN,KIBUNGAN
ATOK,CAR,Luzon,LFREG01,PH-BEN,ATOK
KAPANGAN,CAR,Luzon,LFREG01,PH-BEN,KAPANGAN
SABLAN,CAR,Luzon,LFREG01,PH-BEN,SABLAN
TUBLAY,CAR,Luzon,LFREG01,PH-BEN,TUBLAY
VIGAN,I,Luzon,LFREG01,PH-ILS,VIGAN
SANTA CATALINA,I,Luzon,LFREG01,PH-ILS,SANTA CATALINA
CAOAYAN,I,Luzon,LFREG01,PH-ILS,CAOAYAN
SANTA,I,Luzon,LFREG01,PH-ILS,SANTA
NARVACAN,I,Luzon,LFREG01,PH-ILS,NARVACAN
SANTA MARIA,I,Luzon,LFREG01,PH-ILS,SANTA MARIA
SAN ESTEBAN,I,Luzon,LFREG01,PH-ILS,SAN ESTEBAN
SANTIAGO,I,Luzon,LFREG01,PH-ILS,SANTIAGO
BANAYOYO,I,Luzon,LFREG01,PH-ILS,BANAYOYO
GALIMUYOD,I,Luzon,LFREG01,PH-ILS,GALIMUYOD
CANDON,I,Luzon,LFREG01,PH-ILS,CANDON
SANTA LUCIA,I,Luzon,LFREG01,PH-ILS,SANTA LUCIA
SANTA CRUZ,I,Luzon,LFREG01,PH-ILS,SANTA CRUZ
TAGUDIN,I,Luzon,LFREG01,PH-ILS,TAGUDIN
SUYO,I,Luzon,LFREG01,PH-ILS,SUYO
ALILEM,I,Luzon,LFREG01,PH-ILS,ALILEM
SUGPON,I,Luzon,LFREG01,PH-ILS,SUGPON
CERVANTES,I,Luzon,LFREG01,PH-ILS,CERVANTES
SIGAY,I,Luzon,LFREG01,PH-ILS,SIGAY
GREGORIO DEL PILAR,I,Luzon,LFREG01,PH-ILS,GREGORIO DEL PILAR
QUIRINO,I,Luzon,LFREG01,PH-ILS,QUIRINO
SAN EMILIO,I,Luzon,LFREG01,PH-ILS,SAN EMILIO
LIDLIDDA,I,Luzon,LFREG01,PH-ILS,LIDLIDDA
BURGOS,I,Luzon,LFREG01,PH-ILS,BURGOS
NAGBUKEL,I,Luzon,LFREG01,PH-ILS,NAGBUKEL
SAN VICENTE,I,Luzon,LFREG01,PH-ILS,SAN VICENTE
BANTAY,I,Luzon,LFREG01,PH-ILS,BANTAY
SAN ILDEFONSO,I,Luzon,LFREG01,PH-ILS,SAN ILDEFONSO
SANTO DOMINGO,I,Luzon,LFREG01,PH-ILS,SANTO DOMINGO
MAGSINGAL,I,Luzon,LFREG01,PH-ILS,MAGSINGAL
SAN JUAN,I,Luzon,LFREG01,PH-ILS,SAN JUAN
CABUGAO,I,Luzon,LFREG01,PH-ILS,CABUGAO
SINAIT,I,Luzon,LFREG01,PH-ILS,SINAIT
LAOAG,I,Luzon,LFREG01,PH-ILN,LAOAG
SAN NICOLAS,I,Luzon,LFREG01,PH-ILN,SAN NICOLAS
PAOAY,I,Luzon,LFREG01,PH-ILN,PAOAY
CURRIMAO,I,Luzon,LFREG01,PH-ILN,CURRIMAO
BADOC,I,Luzon,LFREG01,PH-ILN,BADOC
PINILI,I,Luzon,LFREG01,PH-ILN,PINILI
BATAC,I,Luzon,LFREG01,PH-ILN,BATAC
MARCOS,I,Luzon,LFREG01,PH-ILN,MARCOS
BANNA,I,Luzon,LFREG01,PH-ILN,BANNA
NUEVA ERA,I,Luzon,LFREG01,PH-ILN,NUEVA ERA
SOLSONA,I,Luzon,LFREG01,PH-ILN,SOLSONA
CARASI,I,Luzon,LFREG01,PH-ILN,CARASI
PIDDIG,I,Luzon,LFREG01,PH-ILN,PIDDIG
DINGRAS,I,Luzon,LFREG01,PH-ILN,DINGRAS
SARRAT,I,Luzon,LFREG01,PH-ILN,SARRAT
VINTAR,I,Luzon,LFREG01,PH-ILN,VINTAR
BACARRA,I,Luzon,LFREG01,PH-ILN,BACARRA
PASUQUIN,I,Luzon,LFREG01,PH-ILN,PASUQUIN
BURGOS,I,Luzon,LFREG01,PH-ILN,BURGOS
PAGUDPUD,I,Luzon,LFREG01,PH-ILN,PAGUDPUD
BANGUI,I,Luzon,LFREG01,PH-ILN,BANGUI
DUMALNEG,I,Luzon,LFREG01,PH-ILN,DUMALNEG
ADAMS,I,Luzon,LFREG01,PH-ILN,ADAMS
ILAGAN,II,Luzon,LFREG02,PH-ISA,ILAGAN
GAMU,II,Luzon,LFREG02,PH-ISA,GAMU
NAGUILLAN,II,Luzon,LFREG02,PH-ISA,NAGUILLAN
REINA MERCEDES,II,Luzon,LFREG02,PH-ISA,REINA MERCEDES
LUNA,II,Luzon,LFREG02,PH-ISA,LUNA
CAUAYAN CITY,II,Luzon,LFREG02,PH-ISA,CAUAYAN CITY
ALICIA,II,Luzon,LFREG02,PH-ISA,ALICIA
ANGADANAN,II,Luzon,LFREG02,PH-ISA,ANGADANAN
SAN GUILLERMO,II,Luzon,LFREG02,PH-ISA,SAN GUILLERMO
ECHAGUE,II,Luzon,LFREG02,PH-ISA,ECHAGUE
SAN ISIDRO,II,Luzon,LFREG02,PH-ISA,SAN ISIDRO
SANTIAGO CITY,II,Luzon,LFREG02,PH-ISA,SANTIAGO CITY
CORDON,II,Luzon,LFREG02,PH-ISA,CORDON
JONES,II,Luzon,LFREG02,PH-ISA,JONES
SAN AGUSTIN,II,Luzon,LFREG02,PH-ISA,SAN AGUSTIN
CABATUAN,II,Luzon,LFREG02,PH-ISA,CABATUAN
AURORA,II,Luzon,LFREG02,PH-ISA,AURORA
SAN MANUEL,II,Luzon,LFREG02,PH-ISA,SAN MANUEL
SAN MATEO,II,Luzon,LFREG02,PH-ISA,SAN MATEO
RAMON,II,Luzon,LFREG02,PH-ISA,RAMON
ROXAS,II,Luzon,LFREG02,PH-ISA,ROXAS
QUIRINO,II,Luzon,LFREG02,PH-ISA,QUIRINO
BURGOS,II,Luzon,LFREG02,PH-ISA,BURGOS
MALLIG,II,Luzon,LFREG02,PH-ISA,MALLIG
QUEZON,II,Luzon,LFREG02,PH-ISA,QUEZON
TUMAUINI,II,Luzon,LFREG02,PH-ISA,TUMAUINI
DELFIN ALBANO,II,Luzon,LFREG02,PH-ISA,DELFIN ALBANO
SANTO TOMAS,II,Luzon,LFREG02,PH-ISA,SANTO TOMAS
CABAGAN,II,Luzon,LFREG02,PH-ISA,CABAGAN
SAN PABLO,II,Luzon,LFREG02,PH-ISA,SAN PABLO
SANTA MARIA,II,Luzon,LFREG02,PH-ISA,SANTA MARIA
BENITO SOLIVEN,II,Luzon,LFREG02,PH-ISA,BENITO SOLIVEN
SAN MARIANO,II,Luzon,LFREG02,PH-ISA,SAN MARIANO
MACONACON,II,Luzon,LFREG02,PH-ISA,MACONACON
PALANAN,II,Luzon,LFREG02,PH-ISA,PALANAN
DIVILACAN,II,Luzon,LFREG02,PH-ISA,DIVILACAN
DINAPIGUI,II,Luzon,LFREG02,PH-ISA,DINAPIGUI
CABARROGUIS,II,Luzon,LFREG02,PH-QUI,CABARROGUIS
DIFFUN,II,Luzon,LFREG02,PH-QUI,DIFFUN
SAGUDAY,II,Luzon,LFREG02,PH-QUI,SAGUDAY
AGLIPAY,II,Luzon,LFREG02,PH-QUI,AGLIPAY
MADDELA,II,Luzon,LFREG02,PH-QUI,MADDELA
NAGTIPUNAN,II,Luzon,LFREG02,PH-QUI,NAGTIPUNAN
TUGUEGARAO,II,Luzon,LFREG02,PH-CAG,TUGUEGARAO
ENRILE,II,Luzon,LFREG02,PH-CAG,ENRILE
PENABLANCA,II,Luzon,LFREG02,PH-CAG,PENABLANCA
SOLANA,II,Luzon,LFREG02,PH-CAG,SOLANA
IGUIG,II,Luzon,LFREG02,PH-CAG,IGUIG
AMULUNG,II,Luzon,LFREG02,PH-CAG,AMULUNG
BAGGAO,II,Luzon,LFREG02,PH-CAG,BAGGAO
ALCALA,II,Luzon,LFREG02,PH-CAG,ALCALA
GATTARAN,II,Luzon,LFREG02,PH-CAG,GATTARAN
LAL-LO,II,Luzon,LFREG02,PH-CAG,LAL-LO
CAMALANIUGAN,II,Luzon,LFREG02,PH-CAG,CAMALANIUGAN
BUGUEY,II,Luzon,LFREG02,PH-CAG,BUGUEY
SANTA TERESITA,II,Luzon,LFREG02,PH-CAG,SANTA TERESITA
GONZAGA,II,Luzon,LFREG02,PH-CAG,GONZAGA
SANTA ANA,II,Luzon,LFREG02,PH-CAG,SANTA ANA
APARRI,II,Luzon,LFREG02,PH-CAG,APARRI
BALLESTEROS,II,Luzon,LFREG02,PH-CAG,BALLESTEROS
ABULUG,II,Luzon,LFREG02,PH-CAG,ABULUG
SANCHEZ-MIRA,II,Luzon,LFREG02,PH-CAG,SANCHEZ-MIRA
CLAVERIA,II,Luzon,LFREG02,PH-CAG,CLAVERIA
CALAYAN,II,Luzon,LFREG02,PH-CAG,CALAYAN
SANTA PRAXEDES,II,Luzon,LFREG02,PH-CAG,SANTA PRAXEDES
PAMPLONA,II,Luzon,LFREG02,PH-CAG,PAMPLONA
ALLACAPAN,II,Luzon,LFREG02,PH-CAG,ALLACAPAN
LASAM,II,Luzon,LFREG02,PH-CAG,LASAM
SANTO NINO,II,Luzon,LFREG02,PH-CAG,SANTO NINO
RIZAL,II,Luzon,LFREG02,PH-CAG,RIZAL
PIAT,II,Luzon,LFREG02,PH-CAG,PIAT
TUAO,II,Luzon,LFREG02,PH-CAG,TUAO
BAYOMBONG,II,Luzon,LFREG02,PH-NUV,BAYOMBONG
AMBAGUIO,II,Luzon,LFREG02,PH-NUV,AMBAGUIO
BAMBANG,II,Luzon,LFREG02,PH-NUV,BAMBANG
KASIBU,II,Luzon,LFREG02,PH-NUV,KASIBU
ARITAO,II,Luzon,LFREG02,PH-NUV,ARITAO
SANTA FE,II,Luzon,LFREG02,PH-NUV,SANTA FE
DUPAX DEL NORTE,II,Luzon,LFREG02,PH-NUV,DUPAX DEL NORTE
DUPAX DEL SUR,II,Luzon,LFREG02,PH-NUV,DUPAX DEL SUR
KAYAPA,II,Luzon,LFREG02,PH-NUV,KAYAPA
SOLANO,II,Luzon,LFREG02,PH-NUV,SOLANO
VILLA VERDE,II,Luzon,LFREG02,PH-NUV,VILLA VERDE
BAGABAG,II,Luzon,LFREG02,PH-NUV,BAGABAG
DIADI,II,Luzon,LFREG02,PH-NUV,DIADI
QUEZON,II,Luzon,LFREG02,PH-NUV,QUEZON
ALFONSO CASTANEDA,II,Luzon,LFREG02,PH-NUV,ALFONSO CASTANEDA
BASCO,II,Luzon,LFREG02,PH-BTN,BASCO
MAHATAO,II,Luzon,LFREG02,PH-BTN,MAHATAO
IVANA,II,Luzon,LFREG02,PH-BTN,IVANA
UYUGAN,II,Luzon,LFREG02,PH-BTN,UYUGAN
SABTANG,II,Luzon,LFREG02,PH-BTN,SABTANG
ITBAYAT,II,Luzon,LFREG02,PH-BTN,ITBAYAT
CITY OF SAN FERNANDO,III,Luzon,LFREG03,PH-PAM,CITY OF SAN FERNANDO
SANTO TOMAS,III,Luzon,LFREG03,PH-PAM,SANTO TOMAS
MEXICO,III,Luzon,LFREG03,PH-PAM,MEXICO
SASMUAN,III,Luzon,LFREG03,PH-PAM,SASMUAN
APALIT,III,Luzon,LFREG03,PH-PAM,APALIT
MASANTOL,III,Luzon,LFREG03,PH-PAM,MASANTOL
MACABEBE,III,Luzon,LFREG03,PH-PAM,MACABEBE
MINALIN,III,Luzon,LFREG03,PH-PAM,MINALIN
BACOLOR,III,Luzon,LFREG03,PH-PAM,BACOLOR
SANTA RITA,III,Luzon,LFREG03,PH-PAM,SANTA RITA
GUAGUA,III,Luzon,LFREG03,PH-PAM,GUAGUA
LUBAO,III,Luzon,LFREG03,PH-PAM,LUBAO
FLORIDABLANCA,III,Luzon,LFREG03,PH-PAM,FLORIDABLANCA
PORAC,III,Luzon,LFREG03,PH-PAM,PORAC
ANGELES CITY,III,Luzon,LFREG03,PH-PAM,ANGELES CITY
MABALACAT,III,Luzon,LFREG03,PH-PAM,MABALACAT
MAGALANG,III,Luzon,LFREG03,PH-PAM,MAGALANG
ARAYAT,III,Luzon,LFREG03,PH-PAM,ARAYAT
CANDABA,III,Luzon,LFREG03,PH-PAM,CANDABA
SAN LUIS,III,Luzon,LFREG03,PH-PAM,SAN LUIS
SAN SIMON,III,Luzon,LFREG03,PH-PAM,SAN SIMON
SANTA ANA,III,Luzon,LFREG03,PH-PAM,SANTA ANA
BALANGA,III,Luzon,LFREG03,PH-BAN,BALANGA
ORION,III,Luzon,LFREG03,PH-BAN,ORION
DINALUPIHAN,III,Luzon,LFREG03,PH-BAN,DINALUPIHAN
HERMOSA,III,Luzon,LFREG03,PH-BAN,HERMOSA
ORANI,III,Luzon,LFREG03,PH-BAN,ORANI
SAMAL,III,Luzon,LFREG03,PH-BAN,SAMAL
ABUCAY,III,Luzon,LFREG03,PH-BAN,ABUCAY
PILAR,III,Luzon,LFREG03,PH-BAN,PILAR
LIMAY,III,Luzon,LFREG03,PH-BAN,LIMAY
LAMAO,III,Luzon,LFREG03,PH-BAN,LAMAO
MARIVELES,III,Luzon,LFREG03,PH-BAN,MARIVELES
BAGAC,III,Luzon,LFREG03,PH-BAN,BAGAC
MORONG,III,Luzon,LFREG03,PH-BAN,MORONG
OLONGAPO,III,Luzon,LFREG03,PH-ZMB,OLONGAPO
IBA,III,Luzon,LFREG03,PH-ZMB,IBA
BOTOLAN,III,Luzon,LFREG03,PH-ZMB,BOTOLAN
CABANGAN,III,Luzon,LFREG03,PH-ZMB,CABANGAN
SAN FELIPE,III,Luzon,LFREG03,PH-ZMB,SAN FELIPE
SAN NARCISO,III,Luzon,LFREG03,PH-ZMB,SAN NARCISO
SAN ANTONIO,III,Luzon,LFREG03,PH-ZMB,SAN ANTONIO
SAN MARCELINO,III,Luzon,LFREG03,PH-ZMB,SAN MARCELINO
CASTILLEJOS,III,Luzon,LFREG03,PH-ZMB,CASTILLEJOS
SUBIC,III,Luzon,LFREG03,PH-ZMB,SUBIC
MASINLOC,III,Luzon,LFREG03,PH-ZMB,MASINLOC
CANDELARIA,III,Luzon,LFREG03,PH-ZMB,CANDELARIA
SANTA CRUZ,III,Luzon,LFREG03,PH-ZMB,SANTA CRUZ
CAPAS,III,Luzon,LFREG03,PH-TAR,CAPAS
CONCEPCION,III,Luzon,LFREG03,PH-TAR,CONCEPCION
BAMBAN,III,Luzon,LFREG03,PH-TAR,BAMBAN
SAN JOSE,III,Luzon,LFREG03,PH-TAR,SAN JOSE
TARLAC CITY,III,Luzon,LFREG03,PH-TAR,TARLAC CITY
LA PAZ,III,Luzon,LFREG03,PH-TAR,LA PAZ
SAN CLEMENTE,III,Luzon,LFREG03,PH-TAR,SAN CLEMENTE
CAMILING,III,Luzon,LFREG03,PH-TAR,CAMILING
PANIQUI,III,Luzon,LFREG03,PH-TAR,PANIQUI
MONCADA,III,Luzon,LFREG03,PH-TAR,MONCADA
SAN MANUEL,III,Luzon,LFREG03,PH-TAR,SAN MANUEL
ANAO,III,Luzon,LFREG03,PH-TAR,ANAO
RAMOS,III,Luzon,LFREG03,PH-TAR,RAMOS
GERONA,III,Luzon,LFREG03,PH-TAR,GERONA
SANTA IGNACIA,III,Luzon,LFREG03,PH-TAR,SANTA IGNACIA
MAYANTOC,III,Luzon,LFREG03,PH-TAR,MAYANTOC
PURA,III,Luzon,LFREG03,PH-TAR,PURA
VICTORIA,III,Luzon,LFREG03,PH-TAR,VICTORIA
BOCAUE,III,Luzon,LFREG03,PH-BUL,BOCAUE
MARILAO,III,Luzon,LFREG03,PH-BUL,MARILAO
MEYCAUAYAN,III,Luzon,LFREG03,PH-BUL,MEYCAUAYAN
OBANDO,III,Luzon,LFREG03,PH-BUL,OBANDO
SANTA MARIA,III,Luzon,LFREG03,PH-BUL,SANTA MARIA
SAN JOSE DEL MONTE,III,Luzon,LFREG03,PH-BUL,SAN JOSE DEL MONTE
GUIGUINTO,III,Luzon,LFREG03,PH-BUL,GUIGUINTO
BALAGTAS,III,Luzon,LFREG03,PH-BUL,BALAGTAS
BULACAN,III,Luzon,LFREG03,PH-BUL,BULACAN
ANGAT,III,Luzon,LFREG03,PH-BUL,ANGAT
NORZAGARAY,III,Luzon,LFREG03,PH-BUL,NORZAGARAY
PANDI,III,Luzon,LFREG03,PH-BUL,PANDI
DONA REMEDIOS TRINIDAD,III,Luzon,LFREG03,PH-BUL,DONA REMEDIOS TRINIDAD
SAN ILDEFONSO,III,Luzon,LFREG03,PH-BUL,SAN ILDEFONSO
SAN MIGUEL,III,Luzon,LFREG03,PH-BUL,SAN MIGUEL
BALIUAG,III,Luzon,LFREG03,PH-BUL,BALIUAG
BUSTOS,III,Luzon,LFREG03,PH-BUL,BUSTOS
SAN RAFAEL,III,Luzon,LFREG03,PH-BUL,SAN RAFAEL
CALUMPIT,III,Luzon,LFREG03,PH-BUL,CALUMPIT
PLARIDEL,III,Luzon,LFREG03,PH-BUL,PLARIDEL
PULILAN,III,Luzon,LFREG03,PH-BUL,PULILAN
MALOLOS,III,Luzon,LFREG03,PH-BUL,MALOLOS
PAOMBONG,III,Luzon,LFREG03,PH-BUL,PAOMBONG
HAGONOY,III,Luzon,LFREG03,PH-BUL,HAGONOY
SAN LEONARDO,III,Luzon,LFREG03,PH-NUE,SAN LEONARDO
PENARANDA,III,Luzon,LFREG03,PH-NUE,PENARANDA
GAPAN,III,Luzon,LFREG03,PH-NUE,GAPAN
SAN ISIDRO,III,Luzon,LFREG03,PH-NUE,SAN ISIDRO
CABIAO,III,Luzon,LFREG03,PH-NUE,CABIAO
SAN ANTONIO,III,Luzon,LFREG03,PH-NUE,SAN ANTONIO
JAEN,III,Luzon,LFREG03,PH-NUE,JAEN
CABANATUAN,III,Luzon,LFREG03,PH-NUE,CABANATUAN
SANTA ROSA,III,Luzon,LFREG03,PH-NUE,SANTA ROSA
ZARAGOZA,III,Luzon,LFREG03,PH-NUE,ZARAGOZA
ALIAGA,III,Luzon,LFREG03,PH-NUE,ALIAGA
LICAB,III,Luzon,LFREG03,PH-NUE,LICAB
QUEZON,III,Luzon,LFREG03,PH-NUE,QUEZON
TALAVERA,III,Luzon,LFREG03,PH-NUE,TALAVERA
SANTO DOMINGO,III,Luzon,LFREG03,PH-NUE,SANTO DOMINGO
GUIMBA,III,Luzon,LFREG03,PH-NUE,GUIMBA
NAMPICUAN,III,Luzon,LFREG03,PH-NUE,NAMPICUAN
CUYAPO,III,Luzon,LFREG03,PH-NUE,CUYAPO
TALUGTUG,III,Luzon,LFREG03,PH-NUE,TALUGTUG
SCIENCE CITY OF MUNOZ,III,Luzon,LFREG03,PH-NUE,SCIENCE CITY OF MUNOZ
CENTRAL LUZON STATE UNIVERSITY,III,Luzon,LFREG03,PH-NUE,CENTRAL LUZON STATE UNIVERSITY
SAN JOSE CITY,III,Luzon,LFREG03,PH-NUE,SAN JOSE CITY
LUPAO,III,Luzon,LFREG03,PH-NUE,LUPAO
CARRANGLAN,III,Luzon,LFREG03,PH-NUE,CARRANGLAN
GENERAL TINIO,III,Luzon,LFREG03,PH-NUE,GENERAL TINIO
PANTABANGAN,III,Luzon,LFREG03,PH-NUE,PANTABANGAN
GENERAL MAMERTO NATIVIDAD,III,Luzon,LFREG03,PH-NUE,GENERAL MAMERTO NATIVIDAD
LLANERA,III,Luzon,LFREG03,PH-NUE,LLANERA
RIZAL,III,Luzon,LFREG03,PH-NUE,RIZAL
BONGABON,III,Luzon,LFREG03,PH-NUE,BONGABON
LAUR,III,Luzon,LFREG03,PH-NUE,LAUR
FORT MAGSAYSAY,III,Luzon,LFREG03,PH-NUE,FORT MAGSAYSAY
GABALDON,III,Luzon,LFREG03,PH-NUE,GABALDON
PALAYAN,III,Luzon,LFREG03,PH-NUE,PALAYAN
BALER,III,Luzon,LFREG03,PH-AUR,BALER
SAN LUIS,III,Luzon,LFREG03,PH-AUR,SAN LUIS
MARIA AURORA,III,Luzon,LFREG03,PH-AUR,MARIA AURORA
DIPACULAO,III,Luzon,LFREG03,PH-AUR,DIPACULAO
CASIGURAN,III,Luzon,LFREG03,PH-AUR,CASIGURAN
DILASAG,III,Luzon,LFREG03,PH-AUR,DILASAG
DINALUNGAN,III,Luzon,LFREG03,PH-AUR,DINALUNGAN
DINGALAN,III,Luzon,LFREG03,PH-AUR,DINGALAN
NAGA CITY,V,Luzon,LFREG05,PH-CAS,NAGA CITY
CAMALIGAN,V,Luzon,LFREG05,PH-CAS,CAMALIGAN
CANAMAN,V,Luzon,LFREG05,PH-CAS,CANAMAN
MAGARAO,V,Luzon,LFREG05,PH-CAS,MAGARAO
BOMBON,V,Luzon,LFREG05,PH-CAS,BOMBON
CALABANGA,V,Luzon,LFREG05,PH-CAS,CALABANGA
CABUSAO,V,Luzon,LFREG05,PH-CAS,CABUSAO
LIBMANAN,V,Luzon,LFREG05,PH-CAS,LIBMANAN
SIPOCOT,V,Luzon,LFREG05,PH-CAS,SIPOCOT
LUPI,V,Luzon,LFREG05,PH-CAS,LUPI
RAGAY,V,Luzon,LFREG05,PH-CAS,RAGAY
DEL GALLEGO,V,Luzon,LFREG05,PH-CAS,DEL GALLEGO
GAINZA,V,Luzon,LFREG05,PH-CAS,GAINZA
MILAOR,V,Luzon,LFREG05,PH-CAS,MILAOR
MINALABAC,V,Luzon,LFREG05,PH-CAS,MINALABAC
SAN FERNANDO,V,Luzon,LFREG05,PH-CAS,SAN FERNANDO
PAMPLONA,V,Luzon,LFREG05,PH-CAS,PAMPLONA
PASACAO,V,Luzon,LFREG05,PH-CAS,PASACAO
PILI,V,Luzon,LFREG05,PH-CAS,PILI
OCAMPO,V,Luzon,LFREG05,PH-CAS,OCAMPO
TIGAON,V,Luzon,LFREG05,PH-CAS,TIGAON
SAGNAY,V,Luzon,LFREG05,PH-CAS,SAGNAY
GOA,V,Luzon,LFREG05,PH-CAS,GOA
SAN JOSE,V,Luzon,LFREG05,PH-CAS,SAN JOSE
PRESENTACION,V,Luzon,LFREG05,PH-CAS,PRESENTACION
LAGONOY,V,Luzon,LFREG05,PH-CAS,LAGONOY
TINAMBAC,V,Luzon,LFREG05,PH-CAS,TINAMBAC
SIRUMA,V,Luzon,LFREG05,PH-CAS,SIRUMA
GARCHITORENA,V,Luzon,LFREG05,PH-CAS,GARCHITORENA
CARAMOAN,V,Luzon,LFREG05,PH-CAS,CARAMOAN
BULA,V,Luzon,LFREG05,PH-CAS,BULA
IRIGA,V,Luzon,LFREG05,PH-CAS,IRIGA
BAAO,V,Luzon,LFREG05,PH-CAS,BAAO
BUHI,V,Luzon,LFREG05,PH-CAS,BUHI
NABUA,V,Luzon,LFREG05,PH-CAS,NABUA
BATO,V,Luzon,LFREG05,PH-CAS,BATO
BALATAN,V,Luzon,LFREG05,PH-CAS,BALATAN
LEGAZPI,V,Luzon,LFREG05,PH-ALB,LEGAZPI
DARAGA,V,Luzon,LFREG05,PH-ALB,DARAGA
CAMALIG,V,Luzon,LFREG05,PH-ALB,CAMALIG
GUINOBATAN,V,Luzon,LFREG05,PH-ALB,GUINOBATAN
LIGAO,V,Luzon,LFREG05,PH-ALB,LIGAO
OAS,V,Luzon,LFREG05,PH-ALB,OAS
POLANGUI,V,Luzon,LFREG05,PH-ALB,POLANGUI
LIBON,V,Luzon,LFREG05,PH-ALB,LIBON
SANTO DOMINGO,V,Luzon,LFREG05,PH-ALB,SANTO DOMINGO
BACACAY,V,Luzon,LFREG05,PH-ALB,BACACAY
MALILIPOT,V,Luzon,LFREG05,PH-ALB,MALILIPOT
TABACO,V,Luzon,LFREG05,PH-ALB,TABACO
MALINAO,V,Luzon,LFREG05,PH-ALB,MALINAO
TIWI,V,Luzon,LFREG05,PH-ALB,TIWI
MANITO,V,Luzon,LFREG05,PH-ALB,MANITO
JOVELLAR,V,Luzon,LFREG05,PH-ALB,JOVELLAR
PIO DURAN,V,Luzon,LFREG05,PH-ALB,PIO DURAN
RAPU-RAPU,V,Luzon,LFREG05,PH-ALB,RAPU-RAPU
DAET,V,Luzon,LFREG05,PH-CAN,DAET
MERCEDES,V,Luzon,LFREG05,PH-CAN,MERCEDES
TALISAY,V,Luzon,LFREG05,PH-CAN,TALISAY
VINZONS,V,Luzon,LFREG05,PH-CAN,VINZONS
LABO,V,Luzon,LFREG05,PH-CAN,LABO
PARACALE,V,Luzon,LFREG05,PH-CAN,PARACALE
JOSE PANGANIBAN,V,Luzon,LFREG05,PH-CAN,JOSE PANGANIBAN
CAPALONGA,V,Luzon,LFREG05,PH-CAN,CAPALONGA
BASUD,V,Luzon,LFREG05,PH-CAN,BASUD
SAN VICENTE,V,Luzon,LFREG05,PH-CAN,SAN VICENTE
SAN LORENZO RUIZ,V,Luzon,LFREG05,PH-CAN,SAN LORENZO RUIZ
SANTA ELENA,V,Luzon,LFREG05,PH-CAN,SANTA ELENA
TULAY-NA-LUPA,V,Luzon,LFREG05,PH-CAN,TULAY-NA-LUPA
SORSOGON CITY,V,Luzon,LFREG05,PH-SOR,SORSOGON CITY
BACON,V,Luzon,LFREG05,PH-SOR,BACON
CASIGURAN,V,Luzon,LFREG05,PH-SOR,CASIGURAN
JUBAN,V,Luzon,LFREG05,PH-SOR,JUBAN
BULUSAN,V,Luzon,LFREG05,PH-SOR,BULUSAN
MAGALLANES,V,Luzon,LFREG05,PH-SOR,MAGALLANES
BULAN,V,Luzon,LFREG05,PH-SOR,BULAN
IROSIN,V,Luzon,LFREG05,PH-SOR,IROSIN
MATNOG,V,Luzon,LFREG05,PH-SOR,MATNOG
SANTA MAGDALENA,V,Luzon,LFREG05,PH-SOR,SANTA MAGDALENA
GUBAT,V,Luzon,LFREG05,PH-SOR,GUBAT
PRIETO DIAZ,V,Luzon,LFREG05,PH-SOR,PRIETO DIAZ
BARCELONA,V,Luzon,LFREG05,PH-SOR,BARCELONA
CASTILLA,V,Luzon,LFREG05,PH-SOR,CASTILLA
PILAR,V,Luzon,LFREG05,PH-SOR,PILAR
DONSOL,V,Luzon,LFREG05,PH-SOR,DONSOL
VIRAC,V,Luzon,LFREG05,PH-CAT,VIRAC
BATO,V,Luzon,LFREG05,PH-CAT,BATO
SAN MIGUEL,V,Luzon,LFREG05,PH-CAT,SAN MIGUEL
BARAS,V,Luzon,LFREG05,PH-CAT,BARAS
GIGMOTO,V,Luzon,LFREG05,PH-CAT,GIGMOTO
VIGA,V,Luzon,LFREG05,PH-CAT,VIGA
PANGANIBAN,V,Luzon,LFREG05,PH-CAT,PANGANIBAN
BAGAMANOC,V,Luzon,LFREG05,PH-CAT,BAGAMANOC
CARAMORAN,V,Luzon,LFREG05,PH-CAT,CARAMORAN
PANDAN,V,Luzon,LFREG05,PH-CAT,PANDAN
SAN ANDRES,V,Luzon,LFREG05,PH-CAT,SAN ANDRES
MASBATE CITY,V,Luzon,LFREG05,PH-MAS,MASBATE CITY
MOBO,V,Luzon,LFREG05,PH-MAS,MOBO
USON,V,Luzon,LFREG05,PH-MAS,USON
DIMASALANG,V,Luzon,LFREG05,PH-MAS,DIMASALANG
PALANAS,V,Luzon,LFREG05,PH-MAS,PALANAS
CATAINGAN,V,Luzon,LFREG05,PH-MAS,CATAINGAN
PIO V. CORPUZ,V,Luzon,LFREG05,PH-MAS,PIO V. CORPUZ
ESPERANZA,V,Luzon,LFREG05,PH-MAS,ESPERANZA
PLACER,V,Luzon,LFREG05,PH-MAS,PLACER
CAWAYAN,V,Luzon,LFREG05,PH-MAS,CAWAYAN
MILAGROS,V,Luzon,LFREG05,PH-MAS,MILAGROS
MANDAON,V,Luzon,LFREG05,PH-MAS,MANDAON
BALUD,V,Luzon,LFREG05,PH-MAS,BALUD
BALENO,V,Luzon,LFREG05,PH-MAS,BALENO
AROROY,V,Luzon,LFREG05,PH-MAS,AROROY
BATUAN,V,Luzon,LFREG05,PH-MAS,BATUAN
SAN FERNANDO,V,Luzon,LFREG05,PH-MAS,SAN FERNANDO
SAN JACINTO,V,Luzon,LFREG05,PH-MAS,SAN JACINTO
MONREAL,V,Luzon,LFREG05,PH-MAS,MONREAL
CLAVERIA,V,Luzon,LFREG05,PH-MAS,CLAVERIA
SAN PASCUAL,V,Luzon,LFREG05,PH-MAS,SAN PASCUAL
BUENAVISTA,V,Luzon,LFREG05,PH-MAS,BUENAVISTA
ILOILO CITY,VI,Visayas,LFREG06,PH-ILI,ILOILO CITY
PAVIA,VI,Visayas,LFREG06,PH-ILI,PAVIA
SANTA BARBARA,VI,Visayas,LFREG06,PH-ILI,SANTA BARBARA
LEGANES,VI,Visayas,LFREG06,PH-ILI,LEGANES
ZARRAGA,VI,Visayas,LFREG06,PH-ILI,ZARRAGA
NEW LUCENA,VI,Visayas,LFREG06,PH-ILI,NEW LUCENA
DUMANGAS,VI,Visayas,LFREG06,PH-ILI,DUMANGAS
BAROTAC NUEVO,VI,Visayas,LFREG06,PH-ILI,BAROTAC NUEVO
POTOTAN,VI,Visayas,LFREG06,PH-ILI,POTOTAN
ANILAO,VI,Visayas,LFREG06,PH-ILI,ANILAO
BANATE,VI,Visayas,LFREG06,PH-ILI,BANATE
BAROTAC VIEJO,VI,Visayas,LFREG06,PH-ILI,BAROTAC VIEJO
AJUY,VI,Visayas,LFREG06,PH-ILI,AJUY
CONCEPCION,VI,Visayas,LFREG06,PH-ILI,CONCEPCION
SARA,VI,Visayas,LFREG06,PH-ILI,SARA
SAN DIONISIO,VI,Visayas,LFREG06,PH-ILI,SAN DIONISIO
BATAD,VI,Visayas,LFREG06,PH-ILI,BATAD
ESTANCIA,VI,Visayas,LFREG06,PH-ILI,ESTANCIA
BALASAN,VI,Visayas,LFREG06,PH-ILI,BALASAN
CARLES,VI,Visayas,LFREG06,PH-ILI,CARLES
OTON,VI,Visayas,LFREG06,PH-ILI,OTON
TIGBAUAN,VI,Visayas,LFREG06,PH-ILI,TIGBAUAN
GUIMBAL,VI,Visayas,LFREG06,PH-ILI,GUIMBAL
MIAGAO,VI,Visayas,LFREG06,PH-ILI,MIAGAO
SAN JOAQUIN,VI,Visayas,LFREG06,PH-ILI,SAN JOAQUIN
SAN MIGUEL,VI,Visayas,LFREG06,PH-ILI,SAN MIGUEL
LEON,VI,Visayas,LFREG06,PH-ILI,LEON
TUBUNGAN,VI,Visayas,LFREG06,PH-ILI,TUBUNGAN
ALIMODIAN,VI,Visayas,LFREG06,PH-ILI,ALIMODIAN
IGBARAS,VI,Visayas,LFREG06,PH-ILI,IGBARAS
MAASIN,VI,Visayas,LFREG06,PH-ILI,MAASIN
CABATUAN,VI,Visayas,LFREG06,PH-ILI,CABATUAN
MINA,VI,Visayas,LFREG06,PH-ILI,MINA
BADIANGAN,VI,Visayas,LFREG06,PH-ILI,BADIANGAN
JANIUAY,VI,Visayas,LFREG06,PH-ILI,JANIUAY
DINGLE,VI,Visayas,LFREG06,PH-ILI,DINGLE
SAN ENRIQUE,VI,Visayas,LFREG06,PH-ILI,SAN ENRIQUE
PASSI CITY,VI,Visayas,LFREG06,PH-ILI,PASSI CITY
DUENAS,VI,Visayas,LFREG06,PH-ILI,DUENAS
SAN RAFAEL,VI,Visayas,LFREG06,PH-ILI,SAN RAFAEL
CALINOG,VI,Visayas,LFREG06,PH-ILI,CALINOG
BINGAWAN,VI,Visayas,LFREG06,PH-ILI,BINGAWAN
LAMBUNAO,VI,Visayas,LFREG06,PH-ILI,LAMBUNAO
LEMERY,VI,Visayas,LFREG06,PH-ILI,LEMERY
BUENAVISTA,VI,Visayas,LFREG06,PH-GUI,BUENAVISTA
JORDAN,VI,Visayas,LFREG06,PH-GUI,JORDAN
NUEVA VALENCIA,VI,Visayas,LFREG06,PH-GUI,NUEVA VALENCIA
SAN LORENZO,VI,Visayas,LFREG06,PH-GUI,SAN LORENZO
SIBUNAG,VI,Visayas,LFREG06,PH-GUI,SIBUNAG
KALIBO,VI,Visayas,LFREG06,PH-AKL,KALIBO
BANGA,VI,Visayas,LFREG06,PH-AKL,BANGA
LIBACAO,VI,Visayas,LFREG06,PH-AKL,LIBACAO
MADALAG,VI,Visayas,LFREG06,PH-AKL,MADALAG
NUMANCIA,VI,Visayas,LFREG06,PH-AKL,NUMANCIA
LEZO,VI,Visayas,LFREG06,PH-AKL,LEZO
MALINAO,VI,Visayas,LFREG06,PH-AKL,MALINAO
NABAS,VI,Visayas,LFREG06,PH-AKL,NABAS
MALAY,VI,Visayas,LFREG06,PH-AKL,MALAY
BURUANGA,VI,Visayas,LFREG06,PH-AKL,BURUANGA
NEW WASHINGTON,VI,Visayas,LFREG06,PH-AKL,NEW WASHINGTON
MAKATO,VI,Visayas,LFREG06,PH-AKL,MAKATO
TANGALAN,VI,Visayas,LFREG06,PH-AKL,TANGALAN
IBAJAY,VI,Visayas,LFREG06,PH-AKL,IBAJAY
BALETE,VI,Visayas,LFREG06,PH-AKL,BALETE
BATAN,VI,Visayas,LFREG06,PH-AKL,BATAN
ALTAVAS,VI,Visayas,LFREG06,PH-AKL,ALTAVAS
SAN JOSE,VI,Visayas,LFREG06,PH-ANT,SAN JOSE
BELISON,VI,Visayas,LFREG06,PH-ANT,BELISON
PATNONGON,VI,Visayas,LFREG06,PH-ANT,PATNONGON
VALDERRAMA,VI,Visayas,LFREG06,PH-ANT,VALDERRAMA
BUGASONG,VI,Visayas,LFREG06,PH-ANT,BUGASONG
LAUA-AN,VI,Visayas,LFREG06,PH-ANT,LAUA-AN
BARBAZA,VI,Visayas,LFREG06,PH-ANT,BARBAZA
TIBIAO,VI,Visayas,LFREG06,PH-ANT,TIBIAO
CULASI,VI,Visayas,LFREG06,PH-ANT,CULASI
SEBASTE,VI,Visayas,LFREG06,PH-ANT,SEBASTE
LIBERTAD,VI,Visayas,LFREG06,PH-ANT,LIBERTAD
CALUYA,VI,Visayas,LFREG06,PH-ANT,CALUYA
PANDAN,VI,Visayas,LFREG06,PH-ANT,PANDAN
SIBALOM,VI,Visayas,LFREG06,PH-ANT,SIBALOM
SAN REMIGIO,VI,Visayas,LFREG06,PH-ANT,SAN REMIGIO
HAMTIC,VI,Visayas,LFREG06,PH-ANT,HAMTIC
DAO,VI,Visayas,LFREG06,PH-ANT,DAO
ANINI-Y,VI,Visayas,LFREG06,PH-ANT,ANINI-Y
ROXAS CITY,VI,Visayas,LFREG06,PH-CAP,ROXAS CITY
PAN-AY,VI,Visayas,LFREG06,PH-CAP,PAN-AY
PONTEVEDRA,VI,Visayas,LFREG06,PH-CAP,PONTEVEDRA
PRESIDENT ROXAS,VI,Visayas,LFREG06,PH-CAP,PRESIDENT ROXAS
PILAR,VI,Visayas,LFREG06,PH-CAP,PILAR
IVISAN,VI,Visayas,LFREG06,PH-CAP,IVISAN
SAPIAN,VI,Visayas,LFREG06,PH-CAP,SAPIAN
MAMBUSAO,VI,Visayas,LFREG06,PH-CAP,MAMBUSAO
JAMINDAN,VI,Visayas,LFREG06,PH-CAP,JAMINDAN
MA-AYON,VI,Visayas,LFREG06,PH-CAP,MA-AYON
DAO,VI,Visayas,LFREG06,PH-CAP,DAO
CUARTERO,VI,Visayas,LFREG06,PH-CAP,CUARTERO
DUMARAO,VI,Visayas,LFREG06,PH-CAP,DUMARAO
DUMALAG,VI,Visayas,LFREG06,PH-CAP,DUMALAG
TAPAZ,VI,Visayas,LFREG06,PH-CAP,TAPAZ
PANITAN,VI,Visayas,LFREG06,PH-CAP,PANITAN
SIGMA,VI,Visayas,LFREG06,PH-CAP,SIGMA
BACOLOD CITY,VI,Visayas,LFREG06,PH-NEC,BACOLOD CITY
BAGO CITY,VI,Visayas,LFREG06,PH-NEC,BAGO CITY
PULUPANDAN,VI,Visayas,LFREG06,PH-NEC,PULUPANDAN
VALLADOLID,VI,Visayas,LFREG06,PH-NEC,VALLADOLID
SAN ENRIQUE,VI,Visayas,LFREG06,PH-NEC,SAN ENRIQUE
PONTEVEDRA,VI,Visayas,LFREG06,PH-NEC,PONTEVEDRA
HINIGARAN,VI,Visayas,LFREG06,PH-NEC,HINIGARAN
BINALBAGAN,VI,Visayas,LFREG06,PH-NEC,BINALBAGAN
HIMAMAYLAN,VI,Visayas,LFREG06,PH-NEC,HIMAMAYLAN
ILOG,VI,Visayas,LFREG06,PH-NEC,ILOG
CANDONI,VI,Visayas,LFREG06,PH-NEC,CANDONI
KABANKALAN,VI,Visayas,LFREG06,PH-NEC,KABANKALAN
CAUAYAN,VI,Visayas,LFREG06,PH-NEC,CAUAYAN
SIPALAY,VI,Visayas,LFREG06,PH-NEC,SIPALAY
HINOBA-AN,VI,Visayas,LFREG06,PH-NEC,HINOBA-AN
TALISAY CITY,VI,Visayas,LFREG06,PH-NEC,TALISAY CITY
SILAY,VI,Visayas,LFREG06,PH-NEC,SILAY
SALVADOR BENEDICTO,VI,Visayas,LFREG06,PH-NEC,SALVADOR BENEDICTO
ENRIQUE B. MAGALONA,VI,Visayas,LFREG06,PH-NEC,ENRIQUE B. MAGALONA
VICTORIAS,VI,Visayas,LFREG06,PH-NEC,VICTORIAS
MANAPLA,VI,Visayas,LFREG06,PH-NEC,MANAPLA
CADIZ CITY,VI,Visayas,LFREG06,PH-NEC,CADIZ CITY
SAGAY CITY,VI,Visayas,LFREG06,PH-NEC,SAGAY CITY
PARAISO,VI,Visayas,LFREG06,PH-NEC,PARAISO
ESCALANTE CITY,VI,Visayas,LFREG06,PH-NEC,ESCALANTE CITY
TOBOSO,VI,Visayas,LFREG06,PH-NEC,TOBOSO
CALATRAVA,VI,Visayas,LFREG06,PH-NEC,CALATRAVA
SAN CARLOS CITY,VI,Visayas,LFREG06,PH-NEC,SAN CARLOS CITY
ISABELA,VI,Visayas,LFREG06,PH-NEC,ISABELA
MURCIA,VI,Visayas,LFREG06,PH-NEC,MURCIA
LA CARLOTA CITY,VI,Visayas,LFREG06,PH-NEC,LA CARLOTA CITY
LA CASTELLANA,VI,Visayas,LFREG06,PH-NEC,LA CASTELLANA
MOISES PADILLA,VI,Visayas,LFREG06,PH-NEC,MOISES PADILLA
CEBU CITY,VII,Visayas,LFREG07,PH-CEB,CEBU CITY
CONSOLACION,VII,Visayas,LFREG07,PH-CEB,CONSOLACION
LILOAN,VII,Visayas,LFREG07,PH-CEB,LILOAN
COMPOSTELA,VII,Visayas,LFREG07,PH-CEB,COMPOSTELA
DANAO CITY,VII,Visayas,LFREG07,PH-CEB,DANAO CITY
CARMEN,VII,Visayas,LFREG07,PH-CEB,CARMEN
CATMON,VII,Visayas,LFREG07,PH-CEB,CATMON
SOGOD,VII,Visayas,LFREG07,PH-CEB,SOGOD
BORBON,VII,Visayas,LFREG07,PH-CEB,BORBON
TABOGON,VII,Visayas,LFREG07,PH-CEB,TABOGON
BOGO CITY,VII,Visayas,LFREG07,PH-CEB,BOGO CITY
SAN REMIGIO,VII,Visayas,LFREG07,PH-CEB,SAN REMIGIO
MEDELLIN,VII,Visayas,LFREG07,PH-CEB,MEDELLIN
DAANBANTAYAN,VII,Visayas,LFREG07,PH-CEB,DAANBANTAYAN
MANDAUE,VII,Visayas,LFREG07,PH-CEB,MANDAUE
LAPU-LAPU CITY,VII,Visayas,LFREG07,PH-CEB,LAPU-LAPU CITY
MACTAN AIRPORT,VII,Visayas,LFREG07,PH-CEB,MACTAN AIRPORT
CORDOVA,VII,Visayas,LFREG07,PH-CEB,CORDOVA
SAN FERNANDO,VII,Visayas,LFREG07,PH-CEB,SAN FERNANDO
CARCAR,VII,Visayas,LFREG07,PH-CEB,CARCAR
SIBONGA,VII,Visayas,LFREG07,PH-CEB,SIBONGA
ARGAO,VII,Visayas,LFREG07,PH-CEB,ARGAO
DALAGUETE,VII,Visayas,LFREG07,PH-CEB,DALAGUETE
ALCOY,VII,Visayas,LFREG07,PH-CEB,ALCOY
BOLJOON,VII,Visayas,LFREG07,PH-CEB,BOLJOON
OSLOB,VII,Visayas,LFREG07,PH-CEB,OSLOB
SANTANDER,VII,Visayas,LFREG07,PH-CEB,SANTANDER
SAMBOAN,VII,Visayas,LFREG07,PH-CEB,SAMBOAN
GINATILAN,VII,Visayas,LFREG07,PH-CEB,GINATILAN
MALABUYOC,VII,Visayas,LFREG07,PH-CEB,MALABUYOC
ALEGRIA,VII,Visayas,LFREG07,PH-CEB,ALEGRIA
BADIAN,VII,Visayas,LFREG07,PH-CEB,BADIAN
MOALBOAL,VII,Visayas,LFREG07,PH-CEB,MOALBOAL
ALCANTARA,VII,Visayas,LFREG07,PH-CEB,ALCANTARA
RONDA,VII,Visayas,LFREG07,PH-CEB,RONDA
DUMANJUG,VII,Visayas,LFREG07,PH-CEB,DUMANJUG
BARILI,VII,Visayas,LFREG07,PH-CEB,BARILI
NAGA CITY,VII,Visayas,LFREG07,PH-CEB,NAGA CITY
TOLEDO,VII,Visayas,LFREG07,PH-CEB,TOLEDO
PINAMUNGAJAN,VII,Visayas,LFREG07,PH-CEB,PINAMUNGAJAN
ALOGUINSAN,VII,Visayas,LFREG07,PH-CEB,ALOGUINSAN
BALAMBAN,VII,Visayas,LFREG07,PH-CEB,BALAMBAN
ASTURIAS,VII,Visayas,LFREG07,PH-CEB,ASTURIAS
TUBURAN,VII,Visayas,LFREG07,PH-CEB,TUBURAN
TABUELAN,VII,Visayas,LFREG07,PH-CEB,TABUELAN
TALISAY CITY,VII,Visayas,LFREG07,PH-CEB,TALISAY CITY
MINGLANILLA,VII,Visayas,LFREG07,PH-CEB,MINGLANILLA
SANTA FE,VII,Visayas,LFREG07,PH-CEB,SANTA FE
PILAR,VII,Visayas,LFREG07,PH-CEB,PILAR
PORO,VII,Visayas,LFREG07,PH-CEB,PORO
SAN FRANCISCO,VII,Visayas,LFREG07,PH-CEB,SAN FRANCISCO
TUDELA,VII,Visayas,LFREG07,PH-CEB,TUDELA
BANTAYAN,VII,Visayas,LFREG07,PH-CEB,BANTAYAN
MADRIDEJOS,VII,Visayas,LFREG07,PH-CEB,MADRIDEJOS
DUMAGUETE,VII,Visayas,LFREG07,PH-NER,DUMAGUETE
SIBULAN,VII,Visayas,LFREG07,PH-NER,SIBULAN
SAN JOSE,VII,Visayas,LFREG07,PH-NER,SAN JOSE
AMLAN,VII,Visayas,LFREG07,PH-NER,AMLAN
TANJAY,VII,Visayas,LFREG07,PH-NER,TANJAY
PAMPLONA,VII,Visayas,LFREG07,PH-NER,PAMPLONA
BAIS CITY,VII,Visayas,LFREG07,PH-NER,BAIS CITY
MABINAY,VII,Visayas,LFREG07,PH-NER,MABINAY
MANJUYOD,VII,Visayas,LFREG07,PH-NER,MANJUYOD
BINDOY,VII,Visayas,LFREG07,PH-NER,BINDOY
AYUNGON,VII,Visayas,LFREG07,PH-NER,AYUNGON
TAYASAN,VII,Visayas,LFREG07,PH-NER,TAYASAN
JIMALALUD,VII,Visayas,LFREG07,PH-NER,JIMALALUD
LA LIBERTAD,VII,Visayas,LFREG07,PH-NER,LA LIBERTAD
GUIHULNGAN,VII,Visayas,LFREG07,PH-NER,GUIHULNGAN
VALENCIA,VII,Visayas,LFREG07,PH-NER,VALENCIA
BACONG,VII,Visayas,LFREG07,PH-NER,BACONG
DAUIN,VII,Visayas,LFREG07,PH-NER,DAUIN
ZAMBOANGUITA,VII,Visayas,LFREG07,PH-NER,ZAMBOANGUITA
SIATON,VII,Visayas,LFREG07,PH-NER,SIATON
SANTA CATALINA,VII,Visayas,LFREG07,PH-NER,SANTA CATALINA
BAYAWAN,VII,Visayas,LFREG07,PH-NER,BAYAWAN
BASAY,VII,Visayas,LFREG07,PH-NER,BASAY
CANLAON,VII,Visayas,LFREG07,PH-NER,CANLAON
VALLEHERMOSO,VII,Visayas,LFREG07,PH-NER,VALLEHERMOSO
SIQUIJOR,VII,Visayas,LFREG07,PH-SIG,SIQUIJOR
LARENA,VII,Visayas,LFREG07,PH-SIG,LARENA
SAN JUAN,VII,Visayas,LFREG07,PH-SIG,SAN JUAN
LAZI,VII,Visayas,LFREG07,PH-SIG,LAZI
MARIA,VII,Visayas,LFREG07,PH-SIG,MARIA
ENRIQUE VILLANUEVA,VII,Visayas,LFREG07,PH-SIG,ENRIQUE VILLANUEVA
TAGBILARAN,VII,Visayas,LFREG07,PH-BOH,TAGBILARAN
BACLAYON,VII,Visayas,LFREG07,PH-BOH,BACLAYON
ALBURQUERQUE,VII,Visayas,LFREG07,PH-BOH,ALBURQUERQUE
LOAY,VII,Visayas,LFREG07,PH-BOH,LOAY
LILA,VII,Visayas,LFREG07,PH-BOH,LILA
DIMIAO,VII,Visayas,LFREG07,PH-BOH,DIMIAO
VALENCIA,VII,Visayas,LFREG07,PH-BOH,VALENCIA
GARCIA HERNANDEZ,VII,Visayas,LFREG07,PH-BOH,GARCIA HERNANDEZ
JAGNA,VII,Visayas,LFREG07,PH-BOH,JAGNA
DUERO,VII,Visayas,LFREG07,PH-BOH,DUERO
GUINDULMAN,VII,Visayas,LFREG07,PH-BOH,GUINDULMAN
ANDA,VII,Visayas,LFREG07,PH-BOH,ANDA
CANDIJAY,VII,Visayas,LFREG07,PH-BOH,CANDIJAY
MABINI,VII,Visayas,LFREG07,PH-BOH,MABINI
ALICIA,VII,Visayas,LFREG07,PH-BOH,ALICIA
UBAY,VII,Visayas,LFREG07,PH-BOH,UBAY
LOBOC,VII,Visayas,LFREG07,PH-BOH,LOBOC
BILAR,VII,Visayas,LFREG07,PH-BOH,BILAR
BATUAN,VII,Visayas,LFREG07,PH-BOH,BATUAN
CARMEN,VII,Visayas,LFREG07,PH-BOH,CARMEN
SIERRA BULLONES,VII,Visayas,LFREG07,PH-BOH,SIERRA BULLONES
PILAR,VII,Visayas,LFREG07,PH-BOH,PILAR
DAGOHOY,VII,Visayas,LFREG07,PH-BOH,DAGOHOY
SAN MIGUEL,VII,Visayas,LFREG07,PH-BOH,SAN MIGUEL
TRINIDAD,VII,Visayas,LFREG07,PH-BOH,TRINIDAD
TALIBON,VII,Visayas,LFREG07,PH-BOH,TALIBON
BIEN UNIDO,VII,Visayas,LFREG07,PH-BOH,BIEN UNIDO
LOON,VII,Visayas,LFREG07,PH-BOH,LOON
CALAPE,VII,Visayas,LFREG07,PH-BOH,CALAPE
TUBIGON,VII,Visayas,LFREG07,PH-BOH,TUBIGON
CLARIN,VII,Visayas,LFREG07,PH-BOH,CLARIN
INABANGA,VII,Visayas,LFREG07,PH-BOH,INABANGA
BUENAVISTA,VII,Visayas,LFREG07,PH-BOH,BUENAVISTA
GETAFE,VII,Visayas,LFREG07,PH-BOH,GETAFE
ANTEQUERA,VII,Visayas,LFREG07,PH-BOH,ANTEQUERA
MARIBOJOC,VII,Visayas,LFREG07,PH-BOH,MARIBOJOC
CORELLA,VII,Visayas,LFREG07,PH-BOH,CORELLA
SIKATUNA,VII,Visayas,LFREG07,PH-BOH,SIKATUNA
DAUIS,VII,Visayas,LFREG07,PH-BOH,DAUIS
PANGLAO,VII,Visayas,LFREG07,PH-BOH,PANGLAO
CORTES,VII,Visayas,LFREG07,PH-BOH,CORTES
BALILIHAN,VII,Visayas,LFREG07,PH-BOH,BALILIHAN
CATIGBIAN,VII,Visayas,LFREG07,PH-BOH,CATIGBIAN
DANAO,VII,Visayas,LFREG07,PH-BOH,DANAO
SAN ISIDRO,VII,Visayas,LFREG07,PH-BOH,SAN ISIDRO
SEVILLA,VII,Visayas,LFREG07,PH-BOH,SEVILLA
CATARMAN,VIII,Visayas,LFREG08,PH-NSA,CATARMAN
BOBON,VIII,Visayas,LFREG08,PH-NSA,BOBON
SAN JOSE,VIII,Visayas,LFREG08,PH-NSA,SAN JOSE
LOPE DE VEGA,VIII,Visayas,LFREG08,PH-NSA,LOPE DE VEGA
LAVEZARES,VIII,Visayas,LFREG08,PH-NSA,LAVEZARES
ALLEN,VIII,Visayas,LFREG08,PH-NSA,ALLEN
VICTORIA,VIII,Visayas,LFREG08,PH-NSA,VICTORIA
SAN ANTONIO,VIII,Visayas,LFREG08,PH-NSA,SAN ANTONIO
CAPUL,VIII,Visayas,LFREG08,PH-NSA,CAPUL
SAN ISIDRO,VIII,Visayas,LFREG08,PH-NSA,SAN ISIDRO
BIRI,VIII,Visayas,LFREG08,PH-NSA,BIRI
LAOANG,VIII,Visayas,LFREG08,PH-NSA,LAOANG
MAPANAS,VIII,Visayas,LFREG08,PH-NSA,MAPANAS
PAMBUJAN,VIII,Visayas,LFREG08,PH-NSA,PAMBUJAN
SILVINO LOBOS,VIII,Visayas,LFREG08,PH-NSA,SILVINO LOBOS
SAN ROQUE,VIII,Visayas,LFREG08,PH-NSA,SAN ROQUE
ROSARIO,VIII,Visayas,LFREG08,PH-NSA,ROSARIO
MONDRAGON,VIII,Visayas,LFREG08,PH-NSA,MONDRAGON
CATUBIG,VIII,Visayas,LFREG08,PH-NSA,CATUBIG
SAN VICENTE,VIII,Visayas,LFREG08,PH-NSA,SAN VICENTE
LAS NAVAS,VIII,Visayas,LFREG08,PH-NSA,LAS NAVAS
PALAPAG,VIII,Visayas,LFREG08,PH-NSA,PALAPAG
GAMAY,VIII,Visayas,LFREG08,PH-NSA,GAMAY
LAPINIG,VIII,Visayas,LFREG08,PH-NSA,LAPINIG
TACLOBAN,VIII,Visayas,LFREG08,PH-LEY,TACLOBAN
PALO,VIII,Visayas,LFREG08,PH-LEY,PALO
TANAUAN,VIII,Visayas,LFREG08,PH-LEY,TANAUAN
TOLOSA,VIII,Visayas,LFREG08,PH-LEY,TOLOSA
TABONTABON,VIII,Visayas,LFREG08,PH-LEY,TABONTABON
DULAG,VIII,Visayas,LFREG08,PH-LEY,DULAG
JULITA,VIII,Visayas,LFREG08,PH-LEY,JULITA
MAYORGA,VIII,Visayas,LFREG08,PH-LEY,MAYORGA
LA PAZ,VIII,Visayas,LFREG08,PH-LEY,LA PAZ
MACARTHUR,VIII,Visayas,LFREG08,PH-LEY,MACARTHUR
ABUYOG,VIII,Visayas,LFREG08,PH-LEY,ABUYOG
JAVIER,VIII,Visayas,LFREG08,PH-LEY,JAVIER
MAHAPLAG,VIII,Visayas,LFREG08,PH-LEY,MAHAPLAG
SANTA FE,VIII,Visayas,LFREG08,PH-LEY,SANTA FE
PASTRANA,VIII,Visayas,LFREG08,PH-LEY,PASTRANA
DAGAMI,VIII,Visayas,LFREG08,PH-LEY,DAGAMI
BURAUEN,VIII,Visayas,LFREG08,PH-LEY,BURAUEN
ALANGALANG,VIII,Visayas,LFREG08,PH-LEY,ALANGALANG
SAN MIGUEL,VIII,Visayas,LFREG08,PH-LEY,SAN MIGUEL
BARUGO,VIII,Visayas,LFREG08,PH-LEY,BARUGO
BABATNGON,VIII,Visayas,LFREG08,PH-LEY,BABATNGON
BAYBAY,VIII,Visayas,LFREG08,PH-LEY,BAYBAY
INOPACAN,VIII,Visayas,LFREG08,PH-LEY,INOPACAN
HINDANG,VIII,Visayas,LFREG08,PH-LEY,HINDANG
HILONGOS,VIII,Visayas,LFREG08,PH-LEY,HILONGOS
BATO,VIII,Visayas,LFREG08,PH-LEY,BATO
MATALOM,VIII,Visayas,LFREG08,PH-LEY,MATALOM
JARO,VIII,Visayas,LFREG08,PH-LEY,JARO
TUNGA,VIII,Visayas,LFREG08,PH-LEY,TUNGA
CARIGARA,VIII,Visayas,LFREG08,PH-LEY,CARIGARA
CAPOOCAN,VIII,Visayas,LFREG08,PH-LEY,CAPOOCAN
KANANGA,VIII,Visayas,LFREG08,PH-LEY,KANANGA
MATAG-OB,VIII,Visayas,LFREG08,PH-LEY,MATAG-OB
LEYTE,VIII,Visayas,LFREG08,PH-LEY,LEYTE
CALUBIAN,VIII,Visayas,LFREG08,PH-LEY,CALUBIAN
SAN ISIDRO,VIII,Visayas,LFREG08,PH-LEY,SAN ISIDRO
TABANGO,VIII,Visayas,LFREG08,PH-LEY,TABANGO
VILLABA,VIII,Visayas,LFREG08,PH-LEY,VILLABA
PALOMPON,VIII,Visayas,LFREG08,PH-LEY,PALOMPON
ISABEL,VIII,Visayas,LFREG08,PH-LEY,ISABEL
MERIDA,VIII,Visayas,LFREG08,PH-LEY,MERIDA
ORMOC,VIII,Visayas,LFREG08,PH-LEY,ORMOC
ALBUERA,VIII,Visayas,LFREG08,PH-LEY,ALBUERA
NAVAL,VIII,Visayas,LFREG08,PH-BIL,NAVAL
ALMERIA,VIII,Visayas,LFREG08,PH-BIL,ALMERIA
KAWAYAN,VIII,Visayas,LFREG08,PH-BIL,KAWAYAN
MARIPIPI,VIII,Visayas,LFREG08,PH-BIL,MARIPIPI
CULABA,VIII,Visayas,LFREG08,PH-BIL,CULABA
CAIBIRAN,VIII,Visayas,LFREG08,PH-BIL,CAIBIRAN
BILIRAN,VIII,Visayas,LFREG08,PH-BIL,BILIRAN
CABUCGAYAN,VIII,Visayas,LFREG08,PH-BIL,CABUCGAYAN
MAASIN,VIII,Visayas,LFREG08,PH-SLE,MAASIN
MACROHON,VIII,Visayas,LFREG08,PH-SLE,MACROHON
PADRE BURGOS,VIII,Visayas,LFREG08,PH-SLE,PADRE BURGOS
MALITBOG,VIII,Visayas,LFREG08,PH-SLE,MALITBOG
BONTOC,VIII,Visayas,LFREG08,PH-SLE,BONTOC
TOMAS OPPUS,VIII,Visayas,LFREG08,PH-SLE,TOMAS OPPUS
SOGOD,VIII,Visayas,LFREG08,PH-SLE,SOGOD
SILAGO,VIII,Visayas,LFREG08,PH-SLE,SILAGO
HINUNANGAN,VIII,Visayas,LFREG08,PH-SLE,HINUNANGAN
HINUNDAYAN,VIII,Visayas,LFREG08,PH-SLE,HINUNDAYAN
ANAHAWAN,VIII,Visayas,LFREG08,PH-SLE,ANAHAWAN
LILOAN,VIII,Visayas,LFREG08,PH-SLE,LILOAN
SAN FRANCISCO,VIII,Visayas,LFREG08,PH-SLE,SAN FRANCISCO
PINTUYAN,VIII,Visayas,LFREG08,PH-SLE,PINTUYAN
LIBAGON,VIII,Visayas,LFREG08,PH-SLE,LIBAGON
SAINT BERNARD,VIII,Visayas,LFREG08,PH-SLE,SAINT BERNARD
SAN RICARDO,VIII,Visayas,LFREG08,PH-SLE,SAN RICARDO
LIMASAWA,VIII,Visayas,LFREG08,PH-SLE,LIMASAWA
CATBALOGAN,VIII,Visayas,LFREG08,PH-WSA,CATBALOGAN
JIABONG,VIII,Visayas,LFREG08,PH-WSA,JIABONG
MOTIONG,VIII,Visayas,LFREG08,PH-WSA,MOTIONG
TARANGNAN,VIII,Visayas,LFREG08,PH-WSA,TARANGNAN
PAGSANGHAN,VIII,Visayas,LFREG08,PH-WSA,PAGSANGHAN
GANDARA,VIII,Visayas,LFREG08,PH-WSA,GANDARA
SAN JORGE,VIII,Visayas,LFREG08,PH-WSA,SAN JORGE
MATUGUINAO,VIII,Visayas,LFREG08,PH-WSA,MATUGUINAO
SANTA MARGARITA,VIII,Visayas,LFREG08,PH-WSA,SANTA MARGARITA
CALBAYOG,VIII,Visayas,LFREG08,PH-WSA,CALBAYOG
SANTO NINO,VIII,Visayas,LFREG08,PH-WSA,SANTO NINO
TAGAPUL-AN,VIII,Visayas,LFREG08,PH-WSA,TAGAPUL-AN
HINABANGAN,VIII,Visayas,LFREG08,PH-WSA,HINABANGAN
SAN SEBASTIAN,VIII,Visayas,LFREG08,PH-WSA,SAN SEBASTIAN
CALBIGA,VIII,Visayas,LFREG08,PH-WSA,CALBIGA
PINABACDAO,VIII,Visayas,LFREG08,PH-WSA,PINABACDAO
VILLAREAL,VIII,Visayas,LFREG08,PH-WSA,VILLAREAL
SANTA RITA,VIII,Visayas,LFREG08,PH-WSA,SANTA RITA
TALALORA,VIII,Visayas,LFREG08,PH-WSA,TALALORA
BASEY,VIII,Visayas,LFREG08,PH-WSA,BASEY
MARABUT,VIII,Visayas,LFREG08,PH-WSA,MARABUT
DARAM,VIII,Visayas,LFREG08,PH-WSA,DARAM
SAN JOSE DE BUAN,VIII,Visayas,LFREG08,PH-WSA,SAN JOSE DE BUAN
ALMAGRO,VIII,Visayas,LFREG08,PH-WSA,ALMAGRO
ZUMARRAGA,VIII,Visayas,LFREG08,PH-WSA,ZUMARRAGA
BORONGAN,VIII,Visayas,LFREG08,PH-EAS,BORONGAN
BALANGKAYAN,VIII,Visayas,LFREG08,PH-EAS,BALANGKAYAN
MAYDOLONG,VIII,Visayas,LFREG08,PH-EAS,MAYDOLONG
LLORENTE,VIII,Visayas,LFREG08,PH-EAS,LLORENTE
HERNANI,VIII,Visayas,LFREG08,PH-EAS,HERNANI
GENERAL MACARTHUR,VIII,Visayas,LFREG08,PH-EAS,GENERAL MACARTHUR
CAN-AVID,VIII,Visayas,LFREG08,PH-EAS,CAN-AVID
SALCEDO,VIII,Visayas,LFREG08,PH-EAS,SALCEDO
MERCEDES,VIII,Visayas,LFREG08,PH-EAS,MERCEDES
GUIUAN,VIII,Visayas,LFREG08,PH-EAS,GUIUAN
QUINAPONDAN,VIII,Visayas,LFREG08,PH-EAS,QUINAPONDAN
GIPORLOS,VIII,Visayas,LFREG08,PH-EAS,GIPORLOS
BALANGIGA,VIII,Visayas,LFREG08,PH-EAS,BALANGIGA
LAWAAN,VIII,Visayas,LFREG08,PH-EAS,LAWAAN
SAN JULIAN,VIII,Visayas,LFREG08,PH-EAS,SAN JULIAN
SULAT,VIII,Visayas,LFREG08,PH-EAS,SULAT
TAFT,VIII,Visayas,LFREG08,PH-EAS,TAFT
DOLORES,VIII,Visayas,LFREG08,PH-EAS,DOLORES
ORAS,VIII,Visayas,LFREG08,PH-EAS,ORAS
JIPAPAD,VIII,Visayas,LFREG08,PH-EAS,JIPAPAD
MASLOG,VIII,Visayas,LFREG08,PH-EAS,MASLOG
SAN POLICARPO,VIII,Visayas,LFREG08,PH-EAS,SAN POLICARPO
ARTECHE,VIII,Visayas,LFREG08,PH-EAS,ARTECHE
ZAMBOANGA CITY,IX,Mindanao,LFREG09,PH-ZAS,ZAMBOANGA CITY
IPIL,IX,Mindanao,LFREG09,PH-ZSI,IPIL
ROSELLER T. LIM,IX,Mindanao,LFREG09,PH-ZSI,ROSELLER T. LIM
TITAY,IX,Mindanao,LFREG09,PH-ZSI,TITAY
NAGA,IX,Mindanao,LFREG09,PH-ZSI,NAGA
KABASALAN,IX,Mindanao,LFREG09,PH-ZSI,KABASALAN
SIAY,IX,Mindanao,LFREG09,PH-ZSI,SIAY
IMELDA,IX,Mindanao,LFREG09,PH-ZSI,IMELDA
PAYAO,IX,Mindanao,LFREG09,PH-ZSI,PAYAO
BUUG,IX,Mindanao,LFREG09,PH-ZSI,BUUG
MABUHAY,IX,Mindanao,LFREG09,PH-ZSI,MABUHAY
BAYOG,IX,Mindanao,LFREG09,PH-ZAS,BAYOG
TALUSAN,IX,Mindanao,LFREG09,PH-ZSI,TALUSAN
KUMALARANG,IX,Mindanao,LFREG09,PH-ZAS,KUMALARANG
LAKEWOOD,IX,Mindanao,LFREG09,PH-ZAS,LAKEWOOD
DUMALINAO,IX,Mindanao,LFREG09,PH-ZAS,DUMALINAO
PAGADIAN,IX,Mindanao,LFREG09,PH-ZAS,PAGADIAN
LABANGAN,IX,Mindanao,LFREG09,PH-ZAS,LABANGAN
TUNGAWAN,IX,Mindanao,LFREG09,PH-ZSI,TUNGAWAN
TUKURAN,IX,Mindanao,LFREG09,PH-ZAS,TUKURAN
AURORA,IX,Mindanao,LFREG09,PH-ZAS,AURORA
MIDSALIP,IX,Mindanao,LFREG09,PH-ZAS,MIDSALIP
MOLAVE,IX,Mindanao,LFREG09,PH-ZAS,MOLAVE
TAMBULIG,IX,Mindanao,LFREG09,PH-ZAS,TAMBULIG
MAHAYAG,IX,Mindanao,LFREG09,PH-ZAS,MAHAYAG
JOSEFINA,IX,Mindanao,LFREG09,PH-ZAS,JOSEFINA
DUMINGAG,IX,Mindanao,LFREG09,PH-ZAS,DUMINGAG
SAN MIGUEL,IX,Mindanao,LFREG09,PH-ZAS,SAN MIGUEL
DINAS,IX,Mindanao,LFREG09,PH-ZAS,DINAS
SAN PABLO,IX,Mindanao,LFREG09,PH-ZAS,SAN PABLO
DIMATALING,IX,Mindanao,LFREG09,PH-ZAS,DIMATALING
PITOGO,IX,Mindanao,LFREG09,PH-ZAS,PITOGO
TABINA,IX,Mindanao,LFREG09,PH-ZAS,TABINA
MARGOSATUBIG,IX,Mindanao,LFREG09,PH-ZAS,MARGOSATUBIG
VINCENZO A. SAGUN,IX,Mindanao,LFREG09,PH-ZAS,VINCENZO A. SAGUN
LAPUYAN,IX,Mindanao,LFREG09,PH-ZAS,LAPUYAN
MALANGAS,IX,Mindanao,LFREG09,PH-ZSI,MALANGAS
DIPLAHAN,IX,Mindanao,LFREG09,PH-ZSI,DIPLAHAN
ALICIA,IX,Mindanao,LFREG09,PH-ZSI,ALICIA
OLUTANGA,IX,Mindanao,LFREG09,PH-ZSI,OLUTANGA
GUIPOS,IX,Mindanao,LFREG09,PH-ZAS,GUIPOS
TIGBAO,IX,Mindanao,LFREG09,PH-ZAS,TIGBAO
DIPOLOG,IX,Mindanao,LFREG09,PH-ZAN,DIPOLOG
DAPITAN,IX,Mindanao,LFREG09,PH-ZAN,DAPITAN
PRES. MANUEL A. ROXAS,IX,Mindanao,LFREG09,PH-ZAN,PRES. MANUEL A. ROXAS
SIBUTAD,IX,Mindanao,LFREG09,PH-ZAN,SIBUTAD
RIZAL,IX,Mindanao,LFREG09,PH-ZAN,RIZAL
PINAN,IX,Mindanao,LFREG09,PH-ZAN,PINAN
POLANCO,IX,Mindanao,LFREG09,PH-ZAN,POLANCO
MUTIA,IX,Mindanao,LFREG09,PH-ZAN,MUTIA
SERGIO OSMENA SR.,IX,Mindanao,LFREG09,PH-ZAN,SERGIO OSMENA SR.
KATIPUNAN,IX,Mindanao,LFREG09,PH-ZAN,KATIPUNAN
MANUKAN,IX,Mindanao,LFREG09,PH-ZAN,MANUKAN
SINDANGAN,IX,Mindanao,LFREG09,PH-ZAN,SINDANGAN
SIAYAN,IX,Mindanao,LFREG09,PH-ZAN,SIAYAN
SALUG,IX,Mindanao,LFREG09,PH-ZAN,SALUG
LILOY,IX,Mindanao,LFREG09,PH-ZAN,LILOY
TAMPILISAN,IX,Mindanao,LFREG09,PH-ZAN,TAMPILISAN
LABASON,IX,Mindanao,LFREG09,PH-ZAN,LABASON
GUTALAC,IX,Mindanao,LFREG09,PH-ZAN,GUTALAC
LA LIBERTAD,IX,Mindanao,LFREG09,PH-ZAN,LA LIBERTAD
SIOCON,IX,Mindanao,LFREG09,PH-ZAN,SIOCON
SIRAWAI,IX,Mindanao,LFREG09,PH-ZAN,SIRAWAI
SIBUCO,IX,Mindanao,LFREG09,PH-ZAN,SIBUCO
BALIGUIAN,IX,Mindanao,LFREG09,PH-ZAN,BALIGUIAN
KALAWIT,IX,Mindanao,LFREG09,PH-ZAN,KALAWIT
LEON B. POSTIGO,IX,Mindanao,LFREG09,PH-ZAN,LEON B. POSTIGO
OZAMIZ,X,Mindanao,LFREG10,PH-MSC,OZAMIZ
CLARIN,X,Mindanao,LFREG10,PH-MSC,CLARIN
TUDELA,X,Mindanao,LFREG10,PH-MSC,TUDELA
SINACABAN,X,Mindanao,LFREG10,PH-MSC,SINACABAN
JIMENEZ,X,Mindanao,LFREG10,PH-MSC,JIMENEZ
PANAON,X,Mindanao,LFREG10,PH-MSC,PANAON
ALORAN,X,Mindanao,LFREG10,PH-MSC,ALORAN
OROQUIETA,X,Mindanao,LFREG10,PH-MSC,OROQUIETA
LOPEZ JAENA,X,Mindanao,LFREG10,PH-MSC,LOPEZ JAENA
PLARIDEL,X,Mindanao,LFREG10,PH-MSC,PLARIDEL
CALAMBA,X,Mindanao,LFREG10,PH-MSC,CALAMBA
BALIANGAO,X,Mindanao,LFREG10,PH-MSC,BALIANGAO
SAPANG DALAGA,X,Mindanao,LFREG10,PH-MSC,SAPANG DALAGA
CONCEPCION,X,Mindanao,LFREG10,PH-MSC,CONCEPCION
TANGUB,X,Mindanao,LFREG10,PH-MSC,TANGUB
BONIFACIO,X,Mindanao,LFREG10,PH-MSC,BONIFACIO
MALAYBALAY,X,Mindanao,LFREG10,PH-BUK,MALAYBALAY
SUMILAO,X,Mindanao,LFREG10,PH-BUK,SUMILAO
IMPASUGONG,X,Mindanao,LFREG10,PH-BUK,IMPASUGONG
MANOLO FORTICH,X,Mindanao,LFREG10,PH-BUK,MANOLO FORTICH
MALITBOG,X,Mindanao,LFREG10,PH-BUK,MALITBOG
CAMP PHILLIPS,X,Mindanao,LFREG10,PH-BUK,CAMP PHILLIPS
LIBONA,X,Mindanao,LFREG10,PH-BUK,LIBONA
BAUNGON,X,Mindanao,LFREG10,PH-BUK,BAUNGON
TALAKAG,X,Mindanao,LFREG10,PH-BUK,TALAKAG
VALENCIA CITY,X,Mindanao,LFREG10,PH-BUK,VALENCIA CITY
MUSUAN,X,Mindanao,LFREG10,PH-BUK,MUSUAN
SAN FERNANDO,X,Mindanao,LFREG10,PH-BUK,SAN FERNANDO
DON CARLOS,X,Mindanao,LFREG10,PH-BUK,DON CARLOS
KADINGILAN,X,Mindanao,LFREG10,PH-BUK,KADINGILAN
MARAMAG,X,Mindanao,LFREG10,PH-BUK,MARAMAG
QUEZON,X,Mindanao,LFREG10,PH-BUK,QUEZON
KITAOTAO,X,Mindanao,LFREG10,PH-BUK,KITAOTAO
PANGANTUCAN,X,Mindanao,LFREG10,PH-BUK,PANGANTUCAN
KALILANGAN,X,Mindanao,LFREG10,PH-BUK,KALILANGAN
DANGCAGAN,X,Mindanao,LFREG10,PH-BUK,DANGCAGAN
KIBAWE,X,Mindanao,LFREG10,PH-BUK,KIBAWE
DAMULOG,X,Mindanao,LFREG10,PH-BUK,DAMULOG
LANTAPAN,X,Mindanao,LFREG10,PH-BUK,LANTAPAN
CABANGLASAN,X,Mindanao,LFREG10,PH-BUK,CABANGLASAN
CAGAYAN DE ORO,X,Mindanao,LFREG10,PH-MSR,CAGAYAN DE ORO
TAGOLOAN,X,Mindanao,LFREG10,PH-MSR,TAGOLOAN
VILLANUEVA,X,Mindanao,LFREG10,PH-MSR,VILLANUEVA
JASAAN,X,Mindanao,LFREG10,PH-MSR,JASAAN
CLAVERIA,X,Mindanao,LFREG10,PH-MSR,CLAVERIA
BALINGASAG,X,Mindanao,LFREG10,PH-MSR,BALINGASAG
LAGONGLONG,X,Mindanao,LFREG10,PH-MSR,LAGONGLONG
SALAY,X,Mindanao,LFREG10,PH-MSR,SALAY
BINUANGAN,X,Mindanao,LFREG10,PH-MSR,BINUANGAN
SUGBONGCOGON,X,Mindanao,LFREG10,PH-MSR,SUGBONGCOGON
KINOGUITAN,X,Mindanao,LFREG10,PH-MSR,KINOGUITAN
BALINGOAN,X,Mindanao,LFREG10,PH-MSR,BALINGOAN
TALISAYAN,X,Mindanao,LFREG10,PH-MSR,TALISAYAN
MEDINA,X,Mindanao,LFREG10,PH-MSR,MEDINA
GINGOOG,X,Mindanao,LFREG10,PH-MSR,GINGOOG
MAGSAYSAY,X,Mindanao,LFREG10,PH-MSR,MAGSAYSAY
OPOL,X,Mindanao,LFREG10,PH-MSR,OPOL
EL SALVADOR,X,Mindanao,LFREG10,PH-MSR,EL SALVADOR
ALUBIJID,X,Mindanao,LFREG10,PH-MSR,ALUBIJID
LAGUINDINGAN,X,Mindanao,LFREG10,PH-MSR,LAGUINDINGAN
GITAGUM,X,Mindanao,LFREG10,PH-MSR,GITAGUM
LIBERTAD,X,Mindanao,LFREG10,PH-MSR,LIBERTAD
INITAO,X,Mindanao,LFREG10,PH-MSR,INITAO
NAAWAN,X,Mindanao,LFREG10,PH-MSR,NAAWAN
MANTICAO,X,Mindanao,LFREG10,PH-MSR,MANTICAO
LUGAIT,X,Mindanao,LFREG10,PH-MSR,LUGAIT
MAMBAJAO,X,Mindanao,LFREG10,PH-CAM,MAMBAJAO
MAHINOG,X,Mindanao,LFREG10,PH-CAM,MAHINOG
GUINSILIBAN,X,Mindanao,LFREG10,PH-CAM,GUINSILIBAN
SAGAY,X,Mindanao,LFREG10,PH-CAM,SAGAY
CATARMAN,X,Mindanao,LFREG10,PH-CAM,CATARMAN
ILIGAN,X,Mindanao,LFREG10,PH-LAN,ILIGAN
LINAMON,X,Mindanao,LFREG10,PH-LAN,LINAMON
KAUSWAGAN,X,Mindanao,LFREG10,PH-LAN,KAUSWAGAN
MATUNGAO,X,Mindanao,LFREG10,PH-LAN,MATUNGAO
POONA PIAGAPO,X,Mindanao,LFREG10,PH-LAN,POONA PIAGAPO
BACOLOD,X,Mindanao,LFREG10,PH-LAN,BACOLOD
MAIGO,X,Mindanao,LFREG10,PH-LAN,MAIGO
KOLAMBUGAN,X,Mindanao,LFREG10,PH-LAN,KOLAMBUGAN
PANTAO RAGAT,X,Mindanao,LFREG10,PH-LAN,PANTAO RAGAT
TUBOD,X,Mindanao,LFREG10,PH-LAN,TUBOD
BAROY,X,Mindanao,LFREG10,PH-LAN,BAROY
LALA,X,Mindanao,LFREG10,PH-LAN,LALA
SALVADOR,X,Mindanao,LFREG10,PH-LAN,SALVADOR
SAPAD,X,Mindanao,LFREG10,PH-LAN,SAPAD
KAPATAGAN,X,Mindanao,LFREG10,PH-LAN,KAPATAGAN
NUNUNGAN,X,Mindanao,LFREG10,PH-LAN,NUNUNGAN
BALOI,X,Mindanao,LFREG10,PH-LAN,BALOI
PANTAR,X,Mindanao,LFREG10,PH-LAN,PANTAR
MUNAI,X,Mindanao,LFREG10,PH-LAN,MUNAI
TANGCAL,X,Mindanao,LFREG10,PH-LAN,TANGCAL
MAGSAYSAY,X,Mindanao,LFREG10,PH-LAN,MAGSAYSAY
TAGOLOAN,X,Mindanao,LFREG10,PH-LAN,TAGOLOAN
DAVAO CITY,XI,Mindanao,LFREG11,PH-DAS,DAVAO CITY
SANTA CRUZ,XI,Mindanao,LFREG11,PH-DAS,SANTA CRUZ
DIGOS,XI,Mindanao,LFREG11,PH-DAS,DIGOS
MATANAO,XI,Mindanao,LFREG11,PH-DAS,MATANAO
MAGSAYSAY,XI,Mindanao,LFREG11,PH-DAS,MAGSAYSAY
BANSALAN,XI,Mindanao,LFREG11,PH-DAS,BANSALAN
HAGONOY,XI,Mindanao,LFREG11,PH-DAS,HAGONOY
PADADA,XI,Mindanao,LFREG11,PH-DAS,PADADA
KIBLAWAN,XI,Mindanao,LFREG11,PH-DAS,KIBLAWAN
SULOP,XI,Mindanao,LFREG11,PH-DAS,SULOP
MALALAG,XI,Mindanao,LFREG11,PH-DAS,MALALAG
SANTA MARIA,XI,Mindanao,LFREG11,PH-DVO,SANTA MARIA
MALITA,XI,Mindanao,LFREG11,PH-DVO,MALITA
DON MARCELINO,XI,Mindanao,LFREG11,PH-DVO,DON MARCELINO
JOSE ABAD SANTOS,XI,Mindanao,LFREG11,PH-DVO,JOSE ABAD SANTOS
SARANGANI,XI,Mindanao,LFREG11,PH-DVO,SARANGANI
TAGUM,XI,Mindanao,LFREG11,PH-DAV,TAGUM
CARMEN,XI,Mindanao,LFREG11,PH-DAV,CARMEN
ASUNCION,XI,Mindanao,LFREG11,PH-DAV,ASUNCION
NEW CORELLA,XI,Mindanao,LFREG11,PH-DAV,NEW CORELLA
PANABO,XI,Mindanao,LFREG11,PH-DAV,PANABO
SANTO TOMAS,XI,Mindanao,LFREG11,PH-DAV,SANTO TOMAS
KAPALONG,XI,Mindanao,LFREG11,PH-DAV,KAPALONG
BABAK,XI,Mindanao,LFREG11,PH-DAV,BABAK
SAMAL CITY,XI,Mindanao,LFREG11,PH-DAV,SAMAL CITY
KAPUTIAN,XI,Mindanao,LFREG11,PH-DAV,KAPUTIAN
MATI,XI,Mindanao,LFREG11,PH-DAO,MATI
TARRAGONA,XI,Mindanao,LFREG11,PH-DAO,TARRAGONA
MANAY,XI,Mindanao,LFREG11,PH-DAO,MANAY
CARAGA,XI,Mindanao,LFREG11,PH-DAO,CARAGA
BAGANGA,XI,Mindanao,LFREG11,PH-DAO,BAGANGA
CATEEL,XI,Mindanao,LFREG11,PH-DAO,CATEEL
BOSTON,XI,Mindanao,LFREG11,PH-DAO,BOSTON
LUPON,XI,Mindanao,LFREG11,PH-DAO,LUPON
BANAYBANAY,XI,Mindanao,LFREG11,PH-DAO,BANAYBANAY
SAN ISIDRO,XI,Mindanao,LFREG11,PH-DAO,SAN ISIDRO
GOVERNOR GENEROSO,XI,Mindanao,LFREG11,PH-DAO,GOVERNOR GENEROSO
NABUNTURAN,XI,Mindanao,LFREG11,PH-COM,NABUNTURAN
MONTEVISTA,XI,Mindanao,LFREG11,PH-COM,MONTEVISTA
MAWAB,XI,Mindanao,LFREG11,PH-COM,MAWAB
COMPOSTELA,XI,Mindanao,LFREG11,PH-COM,COMPOSTELA
NEW BATAAN,XI,Mindanao,LFREG11,PH-COM,NEW BATAAN
MONKAYO,XI,Mindanao,LFREG11,PH-COM,MONKAYO
MACO,XI,Mindanao,LFREG11,PH-COM,MACO
PANTUKAN,XI,Mindanao,LFREG11,PH-COM,PANTUKAN
KIDAPAWAN,XII,Mindanao,LFREG12,PH-NCO,KIDAPAWAN
MAKILALA,XII,Mindanao,LFREG12,PH-NCO,MAKILALA
M'LANG,XII,Mindanao,LFREG12,PH-NCO,M'LANG
TULUNAN,XII,Mindanao,LFREG12,PH-NCO,TULUNAN
MAGPET,XII,Mindanao,LFREG12,PH-NCO,MAGPET
PRESIDENT ROXAS,XII,Mindanao,LFREG12,PH-NCO,PRESIDENT ROXAS
MATALAM,XII,Mindanao,LFREG12,PH-NCO,MATALAM
KABACAN,XII,Mindanao,LFREG12,PH-NCO,KABACAN
CARMEN,XII,Mindanao,LFREG12,PH-NCO,CARMEN
PIKIT,XII,Mindanao,LFREG12,PH-NCO,PIKIT
MIDSAYAP,XII,Mindanao,LFREG12,PH-NCO,MIDSAYAP
LIBUNGAN,XII,Mindanao,LFREG12,PH-NCO,LIBUNGAN
PIGKAWAYAN,XII,Mindanao,LFREG12,PH-NCO,PIGKAWAYAN
ALAMADA,XII,Mindanao,LFREG12,PH-NCO,ALAMADA
ANTIPAS,XII,Mindanao,LFREG12,PH-NCO,ANTIPAS
ALEOSAN,XII,Mindanao,LFREG12,PH-NCO,ALEOSAN
BANISILAN,XII,Mindanao,LFREG12,PH-NCO,BANISILAN
ARAKAN,XII,Mindanao,LFREG12,PH-NCO,ARAKAN
GENERAL SANTOS,XII,Mindanao,LFREG12,PH-SCO,GENERAL SANTOS
ALABEL,XII,Mindanao,LFREG12,PH-SAR,ALABEL
MAASIM,XII,Mindanao,LFREG12,PH-SAR,MAASIM
MALUNGON,XII,Mindanao,LFREG12,PH-SAR,MALUNGON
POLOMOLOK,XII,Mindanao,LFREG12,PH-SCO,POLOMOLOK
TUPI,XII,Mindanao,LFREG12,PH-SCO,TUPI
KORONADAL,XII,Mindanao,LFREG12,PH-SCO,KORONADAL
TAMPAKAN,XII,Mindanao,LFREG12,PH-SCO,TAMPAKAN
NORALA,XII,Mindanao,LFREG12,PH-SCO,NORALA
SANTO NINO,XII,Mindanao,LFREG12,PH-SCO,SANTO NINO
TANTANGAN,XII,Mindanao,LFREG12,PH-SCO,TANTANGAN
BANGA,XII,Mindanao,LFREG12,PH-SCO,BANGA
SURALLAH,XII,Mindanao,LFREG12,PH-SCO,SURALLAH
T'BOLI,XII,Mindanao,LFREG12,PH-SCO,T'BOLI
KIAMBA,XII,Mindanao,LFREG12,PH-SAR,KIAMBA
LAKE SEBU,XII,Mindanao,LFREG12,PH-SCO,LAKE SEBU
MAITUM,XII,Mindanao,LFREG12,PH-SAR,MAITUM
MALAPATAN,XII,Mindanao,LFREG12,PH-SAR,MALAPATAN
GLAN,XII,Mindanao,LFREG12,PH-SAR,GLAN
TACURONG,XII,Mindanao,LFREG12,PH-SUK,TACURONG
COLUMBIO,XII,Mindanao,LFREG12,PH-SUK,COLUMBIO
LAMBAYONG,XII,Mindanao,LFREG12,PH-SUK,LAMBAYONG
LUTAYAN,XII,Mindanao,LFREG12,PH-SUK,LUTAYAN
PRESIDENT QUIRINO,XII,Mindanao,LFREG12,PH-SUK,PRESIDENT QUIRINO
ISULAN,XII,Mindanao,LFREG12,PH-SUK,ISULAN
ESPERANZA,XII,Mindanao,LFREG12,PH-SUK,ESPERANZA
LEBAK,XII,Mindanao,LFREG12,PH-SUK,LEBAK
KALAMANSIG,XII,Mindanao,LFREG12,PH-SUK,KALAMANSIG
PALIMBANG,XII,Mindanao,LFREG12,PH-SUK,PALIMBANG
BAGUMBAYAN,XII,Mindanao,LFREG12,PH-SUK,BAGUMBAYAN
SENATOR NINOY AQUINO,XII,Mindanao,LFREG12,PH-SUK,SENATOR NINOY AQUINO
TANDAG,XIII,Mindanao,LFREG13,PH-SUR,TANDAG
SAN MIGUEL,XIII,Mindanao,LFREG13,PH-SUR,SAN MIGUEL
TAGO,XIII,Mindanao,LFREG13,PH-SUR,TAGO
BAYABAS,XIII,Mindanao,LFREG13,PH-SUR,BAYABAS
CAGWAIT,XIII,Mindanao,LFREG13,PH-SUR,CAGWAIT
SAN AGUSTIN,XIII,Mindanao,LFREG13,PH-SUR,SAN AGUSTIN
MARIHATAG,XIII,Mindanao,LFREG13,PH-SUR,MARIHATAG
LIANGA,XIII,Mindanao,LFREG13,PH-SUR,LIANGA
TAGBINA,XIII,Mindanao,LFREG13,PH-SUR,TAGBINA
BAROBO,XIII,Mindanao,LFREG13,PH-SUR,BAROBO
HINATUAN,XIII,Mindanao,LFREG13,PH-SUR,HINATUAN
BISLIG,XIII,Mindanao,LFREG13,PH-SUR,BISLIG
LINGIG,XIII,Mindanao,LFREG13,PH-SUR,LINGIG
CORTES,XIII,Mindanao,LFREG13,PH-SUR,CORTES
LANUZA,XIII,Mindanao,LFREG13,PH-SUR,LANUZA
CARMEN,XIII,Mindanao,LFREG13,PH-SUR,CARMEN
MADRID,XIII,Mindanao,LFREG13,PH-SUR,MADRID
CANTILAN,XIII,Mindanao,LFREG13,PH-SUR,CANTILAN
CARRASCAL,XIII,Mindanao,LFREG13,PH-SUR,CARRASCAL
SURIGAO CITY,XIII,Mindanao,LFREG13,PH-SUN,SURIGAO CITY
SAN FRANCISCO,XIII,Mindanao,LFREG13,PH-SUN,SAN FRANCISCO
MALIMONO,XIII,Mindanao,LFREG13,PH-SUN,MALIMONO
TAGANA-AN,XIII,Mindanao,LFREG13,PH-SUN,TAGANA-AN
SISON,XIII,Mindanao,LFREG13,PH-SUN,SISON
PLACER,XIII,Mindanao,LFREG13,PH-SUN,PLACER
TUBOD,XIII,Mindanao,LFREG13,PH-SUN,TUBOD
MAINIT,XIII,Mindanao,LFREG13,PH-SUN,MAINIT
BACUAG,XIII,Mindanao,LFREG13,PH-SUN,BACUAG
GIGAQUIT,XIII,Mindanao,LFREG13,PH-SUN,GIGAQUIT
CLAVER,XIII,Mindanao,LFREG13,PH-SUN,CLAVER
CAGDIANAO,XIII,Mindanao,LFREG13,PH-DIN,CAGDIANAO
DINAGAT,XIII,Mindanao,LFREG13,PH-DIN,DINAGAT
LORETO,XIII,Mindanao,LFREG13,PH-DIN,LORETO
SOCORRO,XIII,Mindanao,LFREG13,PH-SUN,SOCORRO
DAPA,XIII,Mindanao,LFREG13,PH-SUN,DAPA
DEL CARMEN,XIII,Mindanao,LFREG13,PH-SUN,DEL CARMEN
GENERAL LUNA,XIII,Mindanao,LFREG13,PH-SUN,GENERAL LUNA
PILAR,XIII,Mindanao,LFREG13,PH-SUN,PILAR
SAN ISIDRO,XIII,Mindanao,LFREG13,PH-SUN,SAN ISIDRO
SANTA MONICA,XIII,Mindanao,LFREG13,PH-SUN,SANTA MONICA
SAN BENITO,XIII,Mindanao,LFREG13,PH-SUN,SAN BENITO
BURGOS,XIII,Mindanao,LFREG13,PH-SUN,BURGOS
ALEGRIA,XIII,Mindanao,LFREG13,PH-SUN,ALEGRIA
TUBAJON,XIII,Mindanao,LFREG13,PH-DIN,TUBAJON
SAN JOSE,XIII,Mindanao,LFREG13,PH-DIN,SAN JOSE
PROSPERIDAD,XIII,Mindanao,LFREG13,PH-AGS,PROSPERIDAD
SAN FRANCISCO,XIII,Mindanao,LFREG13,PH-AGS,SAN FRANCISCO
BAYUGAN,XIII,Mindanao,LFREG13,PH-AGS,BAYUGAN
SIBAGAT,XIII,Mindanao,LFREG13,PH-AGS,SIBAGAT
ROSARIO,XIII,Mindanao,LFREG13,PH-AGS,ROSARIO
TRENTO,XIII,Mindanao,LFREG13,PH-AGS,TRENTO
BUNAWAN,XIII,Mindanao,LFREG13,PH-AGS,BUNAWAN
LORETO,XIII,Mindanao,LFREG13,PH-AGS,LORETO
LA PAZ,XIII,Mindanao,LFREG13,PH-AGS,LA PAZ
VERUELA,XIII,Mindanao,LFREG13,PH-AGS,VERUELA
TALACOGON,XIII,Mindanao,LFREG13,PH-AGS,TALACOGON
SAN LUIS,XIII,Mindanao,LFREG13,PH-AGS,SAN LUIS
SANTA JOSEFA,XIII,Mindanao,LFREG13,PH-AGS,SANTA JOSEFA
ESPERANZA,XIII,Mindanao,LFREG13,PH-AGS,ESPERANZA
BUTUAN,XIII,Mindanao,LFREG13,PH-AGN,BUTUAN
BUENAVISTA,XIII,Mindanao,LFREG13,PH-AGN,BUENAVISTA
NASIPIT,XIII,Mindanao,LFREG13,PH-AGN,NASIPIT
CARMEN,XIII,Mindanao,LFREG13,PH-AGN,CARMEN
MAGALLANES,XIII,Mindanao,LFREG13,PH-AGN,MAGALLANES
CABADBARAN,XIII,Mindanao,LFREG13,PH-AGN,CABADBARAN
TUBAY,XIII,Mindanao,LFREG13,PH-AGN,TUBAY
JABONGA,XIII,Mindanao,LFREG13,PH-AGN,JABONGA
SANTIAGO,XIII,Mindanao,LFREG13,PH-AGN,SANTIAGO
KITCHARAO,XIII,Mindanao,LFREG13,PH-AGN,KITCHARAO
LAS NIEVES,XIII,Mindanao,LFREG13,PH-AGN,LAS NIEVES
REMEDIOS T. ROMUALDEZ,XIII,Mindanao,LFREG13,PH-AGN,REMEDIOS T. ROMUALDEZ
SAN PEDRO CITY,IV-A,Luzon,LFREG4A,PH-LAG,SAN PEDRO CITY
BINAN CITY,IV-A,Luzon,LFREG4A,PH-LAG,BINAN CITY
CABUYAO CITY,IV-A,Luzon,LFREG4A,PH-LAG,CABUYAO CITY
SANTA ROSA CITY,IV-A,Luzon,LFREG4A,PH-LAG,SANTA ROSA CITY
CALAUAN,IV-A,Luzon,LFREG4A,PH-LAG,CALAUAN
CALAMBA CITY,IV-A,Luzon,LFREG4A,PH-LAG,CALAMBA CITY
"CANLUBANG, CALAMBA CITY",IV-A,Luzon,LFREG4A,PH-LAG,"CANLUBANG, CALAMBA CITY"
"CAMP VICENTE LIM, CALAMBA CITY",IV-A,Luzon,LFREG4A,PH-LAG,"CAMP VICENTE LIM, CALAMBA CITY"
LOS BANOS,IV-A,Luzon,LFREG4A,PH-LAG,LOS BANOS
"UNIVERSITY OF THE PHILIPPINES, LOS BANOS",IV-A,Luzon,LFREG4A,PH-LAG,"UNIVERSITY OF THE PHILIPPINES, LOS BANOS"
BAY,IV-A,Luzon,LFREG4A,PH-LAG,BAY
SAN PABLO CITY,IV-A,Luzon,LFREG4A,PH-LAG,SAN PABLO CITY
ALAMINOS,IV-A,Luzon,LFREG4A,PH-LAG,ALAMINOS
PAGSANJAN,IV-A,Luzon,LFREG4A,PH-LAG,PAGSANJAN
SANTA CRUZ,IV-A,Luzon,LFREG4A,PH-LAG,SANTA CRUZ
PILA,IV-A,Luzon,LFREG4A,PH-LAG,PILA
VICTORIA,IV-A,Luzon,LFREG4A,PH-LAG,VICTORIA
NAGCARLAN,IV-A,Luzon,LFREG4A,PH-LAG,NAGCARLAN
RIZAL,IV-A,Luzon,LFREG4A,PH-LAG,RIZAL
LILIW,IV-A,Luzon,LFREG4A,PH-LAG,LILIW
MAJAYJAY,IV-A,Luzon,LFREG4A,PH-LAG,MAJAYJAY
"BOTOCAN, MAGDALENA",IV-A,Luzon,LFREG4A,PH-LAG,"BOTOCAN, MAGDALENA"
MAGDALENA,IV-A,Luzon,LFREG4A,PH-LAG,MAGDALENA
CAVINTI,IV-A,Luzon,LFREG4A,PH-LAG,CAVINTI
LUMBAN,IV-A,Luzon,LFREG4A,PH-LAG,LUMBAN
LUISIANA,IV-A,Luzon,LFREG4A,PH-LAG,LUISIANA
KALAYAAN,IV-A,Luzon,LFREG4A,PH-LAG,KALAYAAN
PAETE,IV-A,Luzon,LFREG4A,PH-LAG,PAETE
PAKIL,IV-A,Luzon,LFREG4A,PH-LAG,PAKIL
PANGIL,IV-A,Luzon,LFREG4A,PH-LAG,PANGIL
SINILOAN,IV-A,Luzon,LFREG4A,PH-LAG,SINILOAN
MABITAC,IV-A,Luzon,LFREG4A,PH-LAG,MABITAC
FAMY,IV-A,Luzon,LFREG4A,PH-LAG,FAMY
SANTA MARIA,IV-A,Luzon,LFREG4A,PH-LAG,SANTA MARIA
CAVITE CITY,IV-A,Luzon,LFREG4A,PH-CAV,CAVITE CITY
KAWIT,IV-A,Luzon,LFREG4A,PH-CAV,KAWIT
NOVELETA,IV-A,Luzon,LFREG4A,PH-CAV,NOVELETA
ROSARIO,IV-A,Luzon,LFREG4A,PH-CAV,ROSARIO
GENERAL TRIAS CITY,IV-A,Luzon,LFREG4A,PH-CAV,GENERAL TRIAS CITY
TANZA,IV-A,Luzon,LFREG4A,PH-CAV,TANZA
TRECE MARTIRES CITY,IV-A,Luzon,LFREG4A,PH-CAV,TRECE MARTIRES CITY
NAIC,IV-A,Luzon,LFREG4A,PH-CAV,NAIC
TERNATE,IV-A,Luzon,LFREG4A,PH-CAV,TERNATE
MARAGONDON,IV-A,Luzon,LFREG4A,PH-CAV,MARAGONDON
MAGALLANES,IV-A,Luzon,LFREG4A,PH-CAV,MAGALLANES
GENERAL EMILIO AGUINALDO,IV-A,Luzon,LFREG4A,PH-CAV,GENERAL EMILIO AGUINALDO
CORREGIDOR ISLAND,IV-A,Luzon,LFREG4A,PH-CAV,CORREGIDOR ISLAND
SILANG,IV-A,Luzon,LFREG4A,PH-CAV,SILANG
AMADEO,IV-A,Luzon,LFREG4A,PH-CAV,AMADEO
TAGAYTAY CITY,IV-A,Luzon,LFREG4A,PH-CAV,TAGAYTAY CITY
MENDEZ,IV-A,Luzon,LFREG4A,PH-CAV,MENDEZ
INDANG,IV-A,Luzon,LFREG4A,PH-CAV,INDANG
ALFONSO,IV-A,Luzon,LFREG4A,PH-CAV,ALFONSO
DASMARINAS,IV-A,Luzon,LFREG4A,PH-CAV,DASMARINAS
CARMONA,IV-A,Luzon,LFREG4A,PH-CAV,CARMONA
GENERAL MARIANO ALVAREZ,IV-A,Luzon,LFREG4A,PH-CAV,GENERAL MARIANO ALVAREZ
BACOOR CITY,IV-A,Luzon,LFREG4A,PH-CAV,BACOOR CITY
IMUS CITY,IV-A,Luzon,LFREG4A,PH-CAV,IMUS CITY
TANAUAN CITY,IV-A,Luzon,LFREG4A,PH-BTG,TANAUAN CITY
MALVAR,IV-A,Luzon,LFREG4A,PH-BTG,MALVAR
SANTO TOMAS,IV-A,Luzon,LFREG4A,PH-BTG,SANTO TOMAS
BALAYAN,IV-A,Luzon,LFREG4A,PH-BTG,BALAYAN
TUY,IV-A,Luzon,LFREG4A,PH-BTG,TUY
CALATAGAN,IV-A,Luzon,LFREG4A,PH-BTG,CALATAGAN
LIAN,IV-A,Luzon,LFREG4A,PH-BTG,LIAN
NASUGBU,IV-A,Luzon,LFREG4A,PH-BTG,NASUGBU
ALITAGTAG,IV-A,Luzon,LFREG4A,PH-BTG,ALITAGTAG
SANTA TERESITA,IV-A,Luzon,LFREG4A,PH-BTG,SANTA TERESITA
TAAL,IV-A,Luzon,LFREG4A,PH-BTG,TAAL
LEMERY,IV-A,Luzon,LFREG4A,PH-BTG,LEMERY
SAN LUIS,IV-A,Luzon,LFREG4A,PH-BTG,SAN LUIS
AGONCILLO,IV-A,Luzon,LFREG4A,PH-BTG,AGONCILLO
CALACA,IV-A,Luzon,LFREG4A,PH-BTG,CALACA
LAUREL,IV-A,Luzon,LFREG4A,PH-BTG,LAUREL
BATANGAS CITY,IV-A,Luzon,LFREG4A,PH-BTG,BATANGAS CITY
BAUAN,IV-A,Luzon,LFREG4A,PH-BTG,BAUAN
MABINI,IV-A,Luzon,LFREG4A,PH-BTG,MABINI
TINGLOY,IV-A,Luzon,LFREG4A,PH-BTG,TINGLOY
SAN PASCUAL,IV-A,Luzon,LFREG4A,PH-BTG,SAN PASCUAL
IBAAN,IV-A,Luzon,LFREG4A,PH-BTG,IBAAN
SAN JUAN,IV-A,Luzon,LFREG4A,PH-BTG,SAN JUAN
TAYSAN,IV-A,Luzon,LFREG4A,PH-BTG,TAYSAN
LOBO,IV-A,Luzon,LFREG4A,PH-BTG,LOBO
PADRE GARCIA,IV-A,Luzon,LFREG4A,PH-BTG,PADRE GARCIA
ROSARIO,IV-A,Luzon,LFREG4A,PH-BTG,ROSARIO
SAN NICOLAS,IV-A,Luzon,LFREG4A,PH-BTG,SAN NICOLAS
LIPA,IV-A,Luzon,LFREG4A,PH-BTG,LIPA
BALETE,IV-A,Luzon,LFREG4A,PH-BTG,BALETE
TALISAY,IV-A,Luzon,LFREG4A,PH-BTG,TALISAY
CUENCA,IV-A,Luzon,LFREG4A,PH-BTG,CUENCA
MATAAS NA KAHOY,IV-A,Luzon,LFREG4A,PH-BTG,MATAAS NA KAHOY
SAN JOSE,IV-A,Luzon,LFREG4A,PH-BTG,SAN JOSE
LUCENA CITY,IV-A,Luzon,LFREG4A,PH-QUE,LUCENA CITY
PAGBILAO,IV-A,Luzon,LFREG4A,PH-QUE,PAGBILAO
PADRE BURGOS,IV-A,Luzon,LFREG4A,PH-QUE,PADRE BURGOS
AGDANGAN,IV-A,Luzon,LFREG4A,PH-QUE,AGDANGAN
UNISAN,IV-A,Luzon,LFREG4A,PH-QUE,UNISAN
PLARIDEL,IV-A,Luzon,LFREG4A,PH-QUE,PLARIDEL
GUMACA,IV-A,Luzon,LFREG4A,PH-QUE,GUMACA
PITOGO,IV-A,Luzon,LFREG4A,PH-QUE,PITOGO
MACALELON,IV-A,Luzon,LFREG4A,PH-QUE,MACALELON
"GENERAL LUNA, QUEZON",IV-A,Luzon,LFREG4A,PH-QUE,"GENERAL LUNA, QUEZON"
CATANAUAN,IV-A,Luzon,LFREG4A,PH-QUE,CATANAUAN
MULANAY,IV-A,Luzon,LFREG4A,PH-QUE,MULANAY
SAN NARCISO,IV-A,Luzon,LFREG4A,PH-QUE,SAN NARCISO
SAN ANDRES,IV-A,Luzon,LFREG4A,PH-QUE,SAN ANDRES
AURORA,IV-A,Luzon,LFREG4A,PH-QUE,AURORA
LOPEZ,IV-A,Luzon,LFREG4A,PH-QUE,LOPEZ
"HONDAGUA, LOPEZ",IV-A,Luzon,LFREG4A,PH-QUE,"HONDAGUA, LOPEZ"
CALAUAG,IV-A,Luzon,LFREG4A,PH-QUE,CALAUAG
GUINAYANGAN,IV-A,Luzon,LFREG4A,PH-QUE,GUINAYANGAN
BUENAVISTA,IV-A,Luzon,LFREG4A,PH-QUE,BUENAVISTA
TAGKAWAYAN,IV-A,Luzon,LFREG4A,PH-QUE,TAGKAWAYAN
SARIAYA,IV-A,Luzon,LFREG4A,PH-QUE,SARIAYA
CANDELARIA,IV-A,Luzon,LFREG4A,PH-QUE,CANDELARIA
SAN ANTONIO,IV-A,Luzon,LFREG4A,PH-QUE,SAN ANTONIO
TIAONG,IV-A,Luzon,LFREG4A,PH-QUE,TIAONG
DOLORES,IV-A,Luzon,LFREG4A,PH-QUE,DOLORES
TAYABAS,IV-A,Luzon,LFREG4A,PH-QUE,TAYABAS
LUCBAN,IV-A,Luzon,LFREG4A,PH-QUE,LUCBAN
SAMPALOC,IV-A,Luzon,LFREG4A,PH-QUE,SAMPALOC
MAUBAN,IV-A,Luzon,LFREG4A,PH-QUE,MAUBAN
ATIMONAN,IV-A,Luzon,LFREG4A,PH-QUE,ATIMONAN
QUEZON,IV-A,Luzon,LFREG4A,PH-QUE,QUEZON
ALABAT,IV-A,Luzon,LFREG4A,PH-QUE,ALABAT
PEREZ,IV-A,Luzon,LFREG4A,PH-QUE,PEREZ
REAL,IV-A,Luzon,LFREG4A,PH-QUE,REAL
INFANTA,IV-A,Luzon,LFREG4A,PH-QUE,INFANTA
PANUKULAN,IV-A,Luzon,LFREG4A,PH-QUE,PANUKULAN
GENERAL NAKAR,IV-A,Luzon,LFREG4A,PH-QUE,GENERAL NAKAR
POLILLO,IV-A,Luzon,LFREG4A,PH-QUE,POLILLO
BURDEOS,IV-A,Luzon,LFREG4A,PH-QUE,BURDEOS
PATNANUNGAN,IV-A,Luzon,LFREG4A,PH-QUE,PATNANUNGAN
JOMALIG,IV-A,Luzon,LFREG4A,PH-QUE,JOMALIG
BOAC,IV-B,Luzon,LFREG4B,PH-MAD,BOAC
MOGPOG,IV-B,Luzon,LFREG4B,PH-MAD,MOGPOG
SANTA CRUZ,IV-B,Luzon,LFREG4B,PH-MAD,SANTA CRUZ
TORRIJOS,IV-B,Luzon,LFREG4B,PH-MAD,TORRIJOS
BUENAVISTA,IV-B,Luzon,LFREG4B,PH-MAD,BUENAVISTA
GASAN,IV-B,Luzon,LFREG4B,PH-MAD,GASAN
SAN JOSE,IV-B,Luzon,LFREG4B,PH-MDC,SAN JOSE
MAGSAYSAY,IV-B,Luzon,LFREG4B,PH-MDC,MAGSAYSAY
CALINTAAN,IV-B,Luzon,LFREG4B,PH-MDC,CALINTAAN
RIZAL,IV-B,Luzon,LFREG4B,PH-MDC,RIZAL
SABLAYAN,IV-B,Luzon,LFREG4B,PH-MDC,SABLAYAN
SANTA CRUZ,IV-B,Luzon,LFREG4B,PH-MDC,SANTA CRUZ
MAMBURAO,IV-B,Luzon,LFREG4B,PH-MDC,MAMBURAO
PALUAN,IV-B,Luzon,LFREG4B,PH-MDC,PALUAN
ABRA DE ILOG,IV-B,Luzon,LFREG4B,PH-MDC,ABRA DE ILOG
LUBANG,IV-B,Luzon,LFREG4B,PH-MDC,LUBANG
TILIK,IV-B,Luzon,LFREG4B,PH-MDC,TILIK
LOOC,IV-B,Luzon,LFREG4B,PH-MDC,LOOC
CALAPAN,IV-B,Luzon,LFREG4B,PH-MDR,CALAPAN
BACO,IV-B,Luzon,LFREG4B,PH-MDR,BACO
SAN TEODORO,IV-B,Luzon,LFREG4B,PH-MDR,SAN TEODORO
PUERTO GALERA,IV-B,Luzon,LFREG4B,PH-MDR,PUERTO GALERA
NAUJAN,IV-B,Luzon,LFREG4B,PH-MDR,NAUJAN
VICTORIA,IV-B,Luzon,LFREG4B,PH-MDR,VICTORIA
POLA,IV-B,Luzon,LFREG4B,PH-MDR,POLA
SOCORRO,IV-B,Luzon,LFREG4B,PH-MDR,SOCORRO
PINAMALAYAN,IV-B,Luzon,LFREG4B,PH-MDR,PINAMALAYAN
GLORIA,IV-B,Luzon,LFREG4B,PH-MDR,GLORIA
BANSUD,IV-B,Luzon,LFREG4B,PH-MDR,BANSUD
BONGABONG,IV-B,Luzon,LFREG4B,PH-MDR,BONGABONG
ROXAS,IV-B,Luzon,LFREG4B,PH-MDR,ROXAS
MANSALAY,IV-B,Luzon,LFREG4B,PH-MDR,MANSALAY
BULALACAO,IV-B,Luzon,LFREG4B,PH-MDR,BULALACAO
PUERTO PRINCESA,IV-B,Luzon,LFREG4B,PH-PLW,PUERTO PRINCESA
IWAHIG PENAL COLONY,IV-B,Luzon,LFREG4B,PH-PLW,IWAHIG PENAL COLONY
ABORLAN,IV-B,Luzon,LFREG4B,PH-PLW,ABORLAN
PANACAN,IV-B,Luzon,LFREG4B,PH-PLW,PANACAN
QUEZON,IV-B,Luzon,LFREG4B,PH-PLW,QUEZON
BROOKE'S POINT,IV-B,Luzon,LFREG4B,PH-PLW,BROOKE'S POINT
BATARAZA,IV-B,Luzon,LFREG4B,PH-PLW,BATARAZA
BALABAC,IV-B,Luzon,LFREG4B,PH-PLW,BALABAC
ROXAS,IV-B,Luzon,LFREG4B,PH-PLW,ROXAS
SAN VICENTE,IV-B,Luzon,LFREG4B,PH-PLW,SAN VICENTE
DUMARAN,IV-B,Luzon,LFREG4B,PH-PLW,DUMARAN
ARACELI,IV-B,Luzon,LFREG4B,PH-PLW,ARACELI
TAYTAY,IV-B,Luzon,LFREG4B,PH-PLW,TAYTAY
EL NIDO,IV-B,Luzon,LFREG4B,PH-PLW,EL NIDO
LINAPACAN,IV-B,Luzon,LFREG4B,PH-PLW,LINAPACAN
CULION,IV-B,Luzon,LFREG4B,PH-PLW,CULION
CORON,IV-B,Luzon,LFREG4B,PH-PLW,CORON
BUSUANGA,IV-B,Luzon,LFREG4B,PH-PLW,BUSUANGA
CUYO,IV-B,Luzon,LFREG4B,PH-PLW,CUYO
MAGSAYSAY,IV-B,Luzon,LFREG4B,PH-PLW,MAGSAYSAY
AGUTAYA,IV-B,Luzon,LFREG4B,PH-PLW,AGUTAYA
CAGAYANCILLO,IV-B,Luzon,LFREG4B,PH-PLW,CAGAYANCILLO
ROMBLON,IV-B,Luzon,LFREG4B,PH-ROM,ROMBLON
SAN AGUSTIN,IV-B,Luzon,LFREG4B,PH-ROM,SAN AGUSTIN
SANTA MARIA,IV-B,Luzon,LFREG4B,PH-ROM,SANTA MARIA
CALATRAVA,IV-B,Luzon,LFREG4B,PH-ROM,CALATRAVA
SAN ANDRES,IV-B,Luzon,LFREG4B,PH-ROM,SAN ANDRES
ODIONGAN,IV-B,Luzon,LFREG4B,PH-ROM,ODIONGAN
FERROL,IV-B,Luzon,LFREG4B,PH-ROM,FERROL
LOOC,IV-B,Luzon,LFREG4B,PH-ROM,LOOC
SANTA FE,IV-B,Luzon,LFREG4B,PH-ROM,SANTA FE
ALCANTARA,IV-B,Luzon,LFREG4B,PH-ROM,ALCANTARA
SAN JOSE,IV-B,Luzon,LFREG4B,PH-ROM,SAN JOSE
MAGDIWANG,IV-B,Luzon,LFREG4B,PH-ROM,MAGDIWANG
CAJIDIOCAN,IV-B,Luzon,LFREG4B,PH-ROM,CAJIDIOCAN
SAN FERNANDO,IV-B,Luzon,LFREG4B,PH-ROM,SAN FERNANDO
CORCUERA,IV-B,Luzon,LFREG4B,PH-ROM,CORCUERA
BANTON,IV-B,Luzon,LFREG4B,PH-ROM,BANTON
CONCEPCION,IV-B,Luzon,LFREG4B,PH-ROM,CONCEPCION
MARIKINA,NCR,Luzon,LFRIZ01,PH-RIZ-1,MARIKINA
SAN MATEO,IV-A,Luzon,LFRIZ01,PH-RIZ-1,SAN MATEO
"RODRIGUEZ, MONTALBAN",IV-A,Luzon,LFRIZ01,PH-RIZ-1,"RODRIGUEZ, MONTALBAN"
ANTIPOLO,IV-A,Luzon,LFRIZ01,PH-RIZ-2,ANTIPOLO
TERESA,IV-A,Luzon,LFRIZ01,PH-RIZ-2,TERESA
CAINTA,IV-A,Luzon,LFRIZ01,PH-RIZ-2,CAINTA
PILILLA,IV-A,Luzon,LFRIZ01,PH-RIZ-2,PILILLA
TAYTAY,IV-A,Luzon,LFRIZ01,PH-RIZ-2,TAYTAY
ANGONO,IV-A,Luzon,LFRIZ01,PH-RIZ-2,ANGONO
BINANGONAN,IV-A,Luzon,LFRIZ01,PH-RIZ-2,BINANGONAN
CARDONA,IV-A,Luzon,LFRIZ01,PH-RIZ-2,CARDONA
MORONG,IV-A,Luzon,LFRIZ01,PH-RIZ-2,MORONG
BARAS,IV-A,Luzon,LFRIZ01,PH-RIZ-2,BARAS
TANAY,IV-A,Luzon,LFRIZ01,PH-RIZ-2,TANAY
JALAJALA,IV-A,Luzon,LFRIZ01,PH-RIZ-2,JALAJALA
